{
  "problem_text": "Each pair of polygons is similar. Find x.",
  "choices": [
    "30",
    "70",
    "80",
    "150"
  ],
  "answer": "A",
  "detailed_solution": " ",
  "problem_type_graph": [
    "Triangle"
  ],
  "problem_type_goal": [
    "Length"
  ],
  "source": "textbook2_chapter6.pdf page 16",
  "comment": "",
  "id": 315,
  "annot_id": "Ran_2020-03-20_05_26_29",
  "is_standard": false,
  "compact_choices": [
    "30",
    "70",
    "80",
    "150"
  ],
  "precise_value": [
    30.0,
    70.0,
    80.0,
    150.0
  ],
  "rough_value": [
    30,
    70,
    80,
    150
  ],
  "compact_text": "Each pair of polygons is similar. Find x.",
  "annotat_text": "Each pair of polygons is similar. Find x",
  "unit": "",
  "img_width": 830,
  "img_height": 324,
  "data_type": "train",
  "date": "Fri Sep 18 22:23:14 2020",
  "system": "linux"
}