{
  "problem_text": "Use parallelogram J K L M to find m \\angle J M L.",
  "choices": [
    "60",
    "70",
    "80",
    "90"
  ],
  "answer": "C",
  "detailed_solution": " ",
  "problem_type_graph": [
    "Parallelogram"
  ],
  "problem_type_goal": [
    "Angle"
  ],
  "source": "textbook1_chapter_9.pdf",
  "comment": "",
  "id": 1518,
  "annot_id": "Shibiao_2020-03-26_06_20_50",
  "is_standard": false,
  "compact_choices": [
    "60",
    "70",
    "80",
    "90"
  ],
  "precise_value": [
    60.0,
    70.0,
    80.0,
    90.0
  ],
  "rough_value": [
    60,
    70,
    80,
    90
  ],
  "compact_text": "Use parallelogram JKLM to find m \\angle JML.",
  "annotat_text": "Use parallelogram $JKLM$ to find $m \\angle JML$.",
  "unit": "",
  "img_width": 624,
  "img_height": 371,
  "data_type": "train",
  "date": "Fri Sep 18 22:23:14 2020",
  "system": "linux"
}