{
  "problem_text": "Find y.",
  "choices": [
    "9",
    "11",
    "12",
    "20"
  ],
  "answer": "B",
  "detailed_solution": " ",
  "problem_type_graph": [
    "Triangle"
  ],
  "problem_type_goal": [
    "Angle"
  ],
  "source": "textbook1_chapter_4.pdf",
  "comment": "",
  "id": 1088,
  "annot_id": "Shibiao_2020-03-21_15_08_34",
  "is_standard": false,
  "compact_choices": [
    "9",
    "11",
    "12",
    "20"
  ],
  "precise_value": [
    9.0,
    11.0,
    12.0,
    20.0
  ],
  "rough_value": [
    9,
    11,
    12,
    20
  ],
  "compact_text": "Find y.",
  "annotat_text": "Find $y$.",
  "unit": "",
  "img_width": 512,
  "img_height": 445,
  "data_type": "train",
  "date": "Fri Sep 18 22:23:14 2020",
  "system": "linux"
}