{
  "problem_text": "In \\odot A, m \\angle E A D = 42. Find m \\widehat C B E.",
  "choices": [
    "90",
    "180",
    "270",
    "360"
  ],
  "answer": "B",
  "detailed_solution": " ",
  "problem_type_graph": [
    "Circle"
  ],
  "problem_type_goal": [
    "Angle"
  ],
  "source": "textbook2_chapter10.pdf page 13",
  "comment": "",
  "id": 176,
  "annot_id": "Ran_2020-03-28_02_03_52",
  "is_standard": false,
  "compact_choices": [
    "90",
    "180",
    "270",
    "360"
  ],
  "precise_value": [
    90.0,
    180.0,
    270.0,
    360.0
  ],
  "rough_value": [
    90,
    180,
    270,
    360
  ],
  "compact_text": "In \\odot A, m \\angle EAD = 42. Find m \\widehat CBE.",
  "annotat_text": "In $\\odot A, m \\angle E A D=42$. Find $m \\widehat{C B E}$",
  "unit": "",
  "img_width": 285,
  "img_height": 253,
  "data_type": "train",
  "date": "Fri Sep 18 22:23:14 2020",
  "system": "linux"
}