{
  "text_logic_form": [
    "Find(x)"
  ],
  "dissolved_text_logic_form": [
    "Find(x)"
  ],
  "diagram_logic_form": [
    "Equals(LengthOf(Line(B, C)), 6)",
    "Equals(LengthOf(Line(A, C)), 8)",
    "Equals(LengthOf(Line(S, A)), z)",
    "Equals(LengthOf(Line(S, B)), x)",
    "PointLiesOnLine(C, Line(S, B))",
    "Perpendicular(Line(S, C), Line(A, C))",
    "Perpendicular(Line(A, B), Line(S, A))"
  ],
  "line_instances": [
    "AB",
    "AC",
    "BC",
    "SA",
    "SB",
    "SC"
  ],
  "point_positions": {
    "A": [
      0.0,
      125.0
    ],
    "B": [
      1.0,
      1.0
    ],
    "C": [
      46.0,
      21.0
    ],
    "S": [
      284.0,
      127.0
    ]
  },
  "circle_instances": [
    ""
  ]
}