{
  "problem_text": "Find the perimeter of the \\triangle D E F, if \\triangle A B C \\sim \\triangle D E F, A B = 5, B C = 6, A C = 7, and D E = 3.",
  "choices": [
    "6",
    "10.2",
    "10.8",
    "13"
  ],
  "answer": "C",
  "detailed_solution": " ",
  "problem_type_graph": [
    "Triangle"
  ],
  "problem_type_goal": [
    "Length"
  ],
  "source": "textbook1_chapter_7.pdf",
  "comment": "! two subgraph",
  "id": 1774,
  "annot_id": "Shibiao_2020-03-22_09_33_11",
  "is_standard": false,
  "compact_choices": [
    "6",
    "10.2",
    "10.8",
    "13"
  ],
  "precise_value": [
    6.0,
    10.2,
    10.8,
    13.0
  ],
  "rough_value": [
    6,
    10.2,
    10.8,
    13
  ],
  "compact_text": "Find the perimeter of the \\triangle DEF, if \\triangle ABC \\sim \\triangle DEF, AB = 5, BC = 6, AC = 7, and DE = 3.",
  "annotat_text": "Find the perimeter of the $\\triangle DEF$, if $\\triangle ABC \\sim \\triangle DEF$, $AB=5, BC=6, AC=7$, and $DE=3$.",
  "unit": "",
  "img_width": 627,
  "img_height": 363,
  "data_type": "train",
  "date": "Fri Sep 18 22:23:14 2020",
  "system": "linux"
}