{
  "problem_text": "Find the area of the figure. Round to the nearest tenth if necessary.",
  "choices": [
    "5.9",
    "57.3",
    "63.2",
    "69.1"
  ],
  "answer": "C",
  "detailed_solution": " ",
  "problem_type_graph": [
    "Triangle",
    "Trapezoid"
  ],
  "problem_type_goal": [
    "Area"
  ],
  "source": "textbook1_chapter_11.pdf",
  "comment": "",
  "id": 607,
  "annot_id": "pan_2020-03-23_04_44_21",
  "is_standard": false,
  "unit": "m^2",
  "compact_choices": [
    "5.9",
    "57.3",
    "63.2",
    "69.1"
  ],
  "precise_value": [
    5.9,
    57.3,
    63.2,
    69.1
  ],
  "rough_value": [
    5.9,
    57.3,
    63.2,
    69.1
  ],
  "compact_text": "Find the area of the figure. Round to the nearest tenth if necessary.",
  "annotat_text": "Find the area of the figure. Round to the nearest tenth if necessary.",
  "img_width": 303,
  "img_height": 216,
  "data_type": "train",
  "date": "Fri Sep 18 22:23:14 2020",
  "system": "linux"
}