{
  "problem_text": "The segment is tangent to the circle. Find x.",
  "choices": [
    "6",
    "8",
    "9",
    "12"
  ],
  "answer": "C",
  "detailed_solution": " ",
  "problem_type_graph": [
    "Circle",
    "Triangle"
  ],
  "problem_type_goal": [
    "Length"
  ],
  "source": "textbook1_chapter_10.pdf",
  "comment": "",
  "id": 1304,
  "annot_id": "Shibiao_2020-03-28_11_25_33",
  "is_standard": false,
  "compact_choices": [
    "6",
    "8",
    "9",
    "12"
  ],
  "precise_value": [
    6.0,
    8.0,
    9.0,
    12.0
  ],
  "rough_value": [
    6,
    8,
    9,
    12
  ],
  "compact_text": "The segment is tangent to the circle. Find x.",
  "annotat_text": "The segment is tangent to the circle. Find $x$.",
  "unit": "",
  "img_width": 450,
  "img_height": 406,
  "data_type": "train",
  "date": "Fri Sep 18 22:23:14 2020",
  "system": "linux"
}