{
  "text_logic_form": [
    "Tangent(Line($),Circle($))",
    "Circle($)",
    "Find(x)"
  ],
  "dissolved_text_logic_form": [
    "Tangent(Line(B,C),Circle(A))",
    "Circle(A)",
    "Find(x)"
  ],
  "diagram_logic_form": [
    "Equals(LengthOf(Line(B, C)), 12)",
    "Equals(LengthOf(Line(E, C)), 6)",
    "Equals(LengthOf(Line(A, B)), x)",
    "Equals(LengthOf(Line(A, E)), x)",
    "",
    "PointLiesOnCircle(E, Circle(A, radius_7_0))",
    "PointLiesOnCircle(B, Circle(A, radius_7_0))"
  ],
  "line_instances": [
    "AB",
    "BC",
    "CA"
  ],
  "point_positions": {
    "A": [
      141.0,
      134.0
    ],
    "B": [
      140.0,
      -1.0
    ],
    "C": [
      323.0,
      0.0
    ],
    "E": [
      251.0,
      53.0
    ]
  },
  "circle_instances": [
    "A"
  ]
}