{
  "problem_text": "If C N = 8. Find D N.",
  "choices": [
    "4",
    "8",
    "12",
    "16"
  ],
  "answer": "B",
  "detailed_solution": " ",
  "problem_type_graph": [
    "Circle"
  ],
  "problem_type_goal": [
    "Length"
  ],
  "source": "textbook1_chapter_10.pdf",
  "comment": "",
  "id": 227,
  "annot_id": "Shibiao_2020-03-27_09_31_46",
  "is_standard": false,
  "compact_choices": [
    "4",
    "8",
    "12",
    "16"
  ],
  "precise_value": [
    4.0,
    8.0,
    12.0,
    16.0
  ],
  "rough_value": [
    4,
    8,
    12,
    16
  ],
  "compact_text": "If CN = 8. Find DN.",
  "annotat_text": "If $CN=8$. Find $DN$.",
  "unit": "",
  "img_width": 476,
  "img_height": 482,
  "data_type": "train",
  "date": "Fri Sep 18 22:23:14 2020",
  "system": "linux"
}