{
  "text_logic_form": [
    "Find(RatioOf(TanOf(Angle(A))))"
  ],
  "dissolved_text_logic_form": [
    "Find(RatioOf(TanOf(Angle(A))))"
  ],
  "diagram_logic_form": [
    "Equals(LengthOf(Line(A, C)), 24)",
    "Equals(LengthOf(Line(B, C)), 10)",
    "Equals(LengthOf(Line(A, B)), 26)",
    "Perpendicular(Line(A, C), Line(B, C))"
  ],
  "line_instances": [
    "AB",
    "AC",
    "BC"
  ],
  "circle_instances": [],
  "point_positions": {
    "A": [
      2.842170943040401e-14,
      128.0
    ],
    "B": [
      358.0,
      129.0
    ],
    "C": [
      301.8951128955662,
      0.8503432197901901
    ]
  }
}