{
  "text_logic_form": [
    "Find(AreaOf(Shaded(Shape($))))"
  ],
  "dissolved_text_logic_form": [
    "Find(AreaOf(Shaded(Shape($))))"
  ],
  "diagram_logic_form": [
    "Equals(LengthOf(Line(A, C)), 0)",
    "Equals(LengthOf(Line(O, E)), 12)",
    "PointLiesOnLine(F, Line(C, G))",
    "PointLiesOnLine(A, Line(D, E))",
    "PointLiesOnLine(O, Line(D, E))",
    "PointLiesOnCircle(C, Circle(B, radius_1_1))",
    "PointLiesOnCircle(F, Circle(B, radius_1_1))"
  ],
  "line_instances": [
    "AC",
    "AD",
    "AF",
    "AG",
    "CF",
    "CG",
    "DE",
    "DG",
    "FG",
    "OE"
  ],
  "circle_instances": [
    "B"
  ],
  "point_positions": {
    "A": [
      191.0,
      87.0
    ],
    "B": [
      126.0,
      122.5
    ],
    "O": [
      61.0,
      87.0
    ],
    "C": [
      159.72611269073246,
      149.69352439414394
    ],
    "D": [
      227.0,
      87.0
    ],
    "E": [
      26.0,
      87.0
    ],
    "F": [
      169.9437184562886,
      117.23760019767153
    ],
    "G": [
      176.0,
      98.0
    ]
  }
}