{
  "problem_text": "For trapezoid Q R T U, V and S are midpoints of the legs. If V S = 9 and U T = 12, find Q R.",
  "choices": [
    "7",
    "17",
    "26",
    "34"
  ],
  "answer": "A",
  "detailed_solution": " ",
  "problem_type_graph": [
    "Trapezoid"
  ],
  "problem_type_goal": [
    "Length"
  ],
  "source": "textbook1_chapter6.pdf page 56",
  "comment": "",
  "id": 915,
  "annot_id": "Ran_2020-03-19_05_37_27",
  "is_standard": false,
  "compact_choices": [
    "7",
    "17",
    "26",
    "34"
  ],
  "precise_value": [
    7.0,
    17.0,
    26.0,
    34.0
  ],
  "rough_value": [
    7,
    17,
    26,
    34
  ],
  "compact_text": "For trapezoid QRTU, V and S are midpoints of the legs. If VS = 9 and UT = 12, find QR.",
  "annotat_text": "For trapezoid QRTU, V and S are midpoints of the legs. If VS = 9 and UT = 12, find QR.",
  "unit": "",
  "img_width": 373,
  "img_height": 289,
  "data_type": "train",
  "date": "Fri Sep 18 22:23:14 2020",
  "system": "linux"
}