{
  "text_logic_form": [
    "Trapezoid(Q,R,T,U)",
    "IsMidpointOf(Point(V),LegOf(Trapezoid(Q,R,T,U)))",
    "IsMidpointOf(Point(S),LegOf(Trapezoid(Q,R,T,U)))",
    "Equals(LengthOf(Line(V,S)),9)",
    "Equals(LengthOf(Line(U,T)),12)",
    "Find(LengthOf(Line(Q,R)))"
  ],
  "dissolved_text_logic_form": [
    "Trapezoid(Q,R,T,U)",
    "IsMidpointOf(Point(V),LegOf(Trapezoid(Q,R,T,U)))",
    "IsMidpointOf(Point(S),LegOf(Trapezoid(Q,R,T,U)))",
    "Equals(LengthOf(Line(V,S)),9)",
    "Equals(LengthOf(Line(U,T)),12)",
    "Find(LengthOf(Line(Q,R)))"
  ],
  "diagram_logic_form": [
    "PointLiesOnLine(V, Line(U, Q))",
    "PointLiesOnLine(S, Line(R, T))"
  ],
  "line_instances": [
    "QR",
    "RT",
    "SR",
    "ST",
    "UQ",
    "UT",
    "VQ",
    "VS",
    "VU"
  ],
  "point_positions": {
    "Q": [
      62.0,
      2.0
    ],
    "R": [
      185.0,
      2.0
    ],
    "S": [
      217.0,
      69.0
    ],
    "T": [
      251.0,
      139.0
    ],
    "U": [
      1.0,
      140.0
    ],
    "V": [
      32.0,
      68.0
    ]
  },
  "circle_instances": [
    ""
  ]
}