{
  "problem_text": "Find m \\angle 1.",
  "choices": [
    "20",
    "40",
    "65",
    "95"
  ],
  "answer": "C",
  "detailed_solution": " ",
  "problem_type_graph": [
    "Line",
    "Triangle"
  ],
  "problem_type_goal": [
    "Angle"
  ],
  "source": "textbook1_chapter_4.pdf",
  "comment": "complicated with lines and triangle",
  "id": 1967,
  "annot_id": "Shibiao_2020-03-21_13_09_49",
  "is_standard": false,
  "compact_choices": [
    "20",
    "40",
    "65",
    "95"
  ],
  "precise_value": [
    20.0,
    40.0,
    65.0,
    95.0
  ],
  "rough_value": [
    20,
    40,
    65,
    95
  ],
  "compact_text": "Find m \\angle 1.",
  "annotat_text": "Find $m \\angle 1$.",
  "unit": "",
  "img_width": 615,
  "img_height": 401,
  "data_type": "train",
  "date": "Fri Sep 18 22:23:14 2020",
  "system": "linux"
}