{
  "problem_text": "Find the measure of \\angle 1 if m \\angle D G F = 53 and m \\angle A G C = 40.",
  "choices": [
    "37",
    "40",
    "50",
    "53"
  ],
  "answer": "A",
  "detailed_solution": " ",
  "problem_type_graph": [
    "Triangle"
  ],
  "problem_type_goal": [
    "Angle"
  ],
  "source": "textbook1_chapter_8.pdf",
  "comment": "",
  "id": 52,
  "annot_id": "pan_2020-03-23_23_29_39",
  "is_standard": false,
  "compact_choices": [
    "37",
    "40",
    "50",
    "53"
  ],
  "precise_value": [
    37.0,
    40.0,
    50.0,
    53.0
  ],
  "rough_value": [
    37,
    40,
    50,
    53
  ],
  "compact_text": "Find the measure of \\angle 1 if m \\angle DGF = 53 and m \\angle AGC = 40.",
  "annotat_text": "Find the measure of $\\angle 1$ if $m \\angle D G F=53$ and $m \\angle A G C=40$.",
  "unit": "",
  "img_width": 563,
  "img_height": 294,
  "data_type": "train",
  "date": "Fri Sep 18 22:23:14 2020",
  "system": "linux"
}