{
  "problem_text": "Find y.",
  "choices": [
    "36",
    "48",
    "66",
    "72"
  ],
  "answer": "D",
  "detailed_solution": " ",
  "problem_type_graph": [
    "Line"
  ],
  "problem_type_goal": [
    "Length"
  ],
  "source": "textbook1_chapter_7.pdf",
  "comment": "give up",
  "id": 143,
  "annot_id": "Shibiao_2020-03-22_11_54_19",
  "is_standard": false,
  "compact_choices": [
    "36",
    "48",
    "66",
    "72"
  ],
  "precise_value": [
    36.0,
    48.0,
    66.0,
    72.0
  ],
  "rough_value": [
    36,
    48,
    66,
    72
  ],
  "compact_text": "Find y.",
  "annotat_text": "Find $y$.",
  "unit": "",
  "img_width": 628,
  "img_height": 453,
  "data_type": "train",
  "date": "Fri Sep 18 22:23:14 2020",
  "system": "linux"
}