{
  "problem_text": "In the figure, m \\angle 1 = 3 a + 40, m \\angle 2 = 2 a + 25, and m \\angle 3 = 5 b - 26. Find a.",
  "choices": [
    "23",
    "25",
    "27",
    "29"
  ],
  "answer": "A",
  "detailed_solution": " ",
  "problem_type_graph": [
    "Line"
  ],
  "problem_type_goal": [
    "Angle"
  ],
  "source": "Textbook 2_Chapter 3 - Parallel and Perpendicular Lines.pdf",
  "comment": "",
  "id": 51,
  "annot_id": "pan_2020-03-17_06_10_29",
  "is_standard": false,
  "compact_choices": [
    "23",
    "25",
    "27",
    "29"
  ],
  "precise_value": [
    23.0,
    25.0,
    27.0,
    29.0
  ],
  "rough_value": [
    23,
    25,
    27,
    29
  ],
  "compact_text": "In the figure, m \\angle 1 = 3a+40, m \\angle 2 = 2a+25, and m \\angle 3 = 5b-26. Find a.",
  "annotat_text": "In the figure, $ m \u22201 = 3a + 40 $, $ m \u22202 = 2a + 25 $, and $ m \u22203 = 5b - 26 $. Find $a$.",
  "unit": "",
  "img_width": 403,
  "img_height": 396,
  "data_type": "train",
  "date": "Fri Sep 18 22:23:14 2020",
  "system": "linux"
}