{
  "problem_text": "In the figure, m \\angle 1 = 4 p + 15, m \\angle 3 = 3 p - 10 and m \\angle 4 = 6 r + 5. Find the value of r.",
  "choices": [
    "10",
    "15",
    "20",
    "25"
  ],
  "answer": "A",
  "detailed_solution": " ",
  "problem_type_graph": [
    "Line"
  ],
  "problem_type_goal": [
    "Angle"
  ],
  "source": "Textbook 2_Chapter 3 - Parallel and Perpendicular Lines.pdf",
  "comment": "",
  "id": 127,
  "annot_id": "pan_2020-03-17_06_04_26",
  "is_standard": false,
  "compact_choices": [
    "10",
    "15",
    "20",
    "25"
  ],
  "precise_value": [
    10.0,
    15.0,
    20.0,
    25.0
  ],
  "rough_value": [
    10,
    15,
    20,
    25
  ],
  "compact_text": "In the figure, m \\angle 1 = 4p+15, m \\angle 3 = 3p-10 and m \\angle 4 = 6r+5. Find the value of r.",
  "annotat_text": "In the figure, $m \\angle 1=4 p+15$, $m \\angle 3=3 p-10$ and $m \\angle 4=6 r+5 $. Find the value of $r$.",
  "unit": "",
  "img_width": 395,
  "img_height": 445,
  "data_type": "train",
  "date": "Fri Sep 18 22:23:14 2020",
  "system": "linux"
}