{
  "problem_text": "Find the perimeter of the parallelogram. Round to the nearest tenth if necessary.",
  "choices": [
    "56",
    "58",
    "60",
    "62"
  ],
  "answer": "A",
  "detailed_solution": " ",
  "problem_type_graph": [
    "Parallelogram"
  ],
  "problem_type_goal": [
    "Length"
  ],
  "source": "textbook1_chapter_11.pdf",
  "comment": "",
  "id": 1700,
  "annot_id": "pan_2020-03-22_23_06_11",
  "is_standard": false,
  "unit": "in",
  "compact_choices": [
    "56",
    "58",
    "60",
    "62"
  ],
  "precise_value": [
    56.0,
    58.0,
    60.0,
    62.0
  ],
  "rough_value": [
    56,
    58,
    60,
    62
  ],
  "compact_text": "Find the perimeter of the parallelogram. Round to the nearest tenth if necessary.",
  "annotat_text": "Find the perimeter of the parallelogram. Round to the nearest tenth if necessary.",
  "img_width": 326,
  "img_height": 216,
  "data_type": "train",
  "date": "Fri Sep 18 22:23:14 2020",
  "system": "linux"
}