{
  "problem_text": "Find m \\angle W.",
  "choices": [
    "74",
    "76",
    "104",
    "106"
  ],
  "answer": "A",
  "detailed_solution": " ",
  "problem_type_graph": [
    "Circle"
  ],
  "problem_type_goal": [
    "Angle"
  ],
  "source": "textbook1_chapter_10.pdf",
  "comment": "",
  "id": 2024,
  "annot_id": "Shibiao_2020-03-28_12_25_39",
  "is_standard": false,
  "compact_choices": [
    "74",
    "76",
    "104",
    "106"
  ],
  "precise_value": [
    74.0,
    76.0,
    104.0,
    106.0
  ],
  "rough_value": [
    74,
    76,
    104,
    106
  ],
  "compact_text": "Find m \\angle W.",
  "annotat_text": "Find $m \\angle W$.",
  "unit": "",
  "img_width": 587,
  "img_height": 529,
  "data_type": "train",
  "date": "Fri Sep 18 22:23:14 2020",
  "system": "linux"
}