{
  "text_logic_form": [
    "Find(MeasureOf(Angle(W)))"
  ],
  "dissolved_text_logic_form": [
    "Find(MeasureOf(Angle(W)))"
  ],
  "diagram_logic_form": [
    "Equals(MeasureOf(Angle(X, B, Y)), 106)",
    "PointLiesOnLine(Y, Line(W, A))",
    "PointLiesOnLine(X, Line(W, C))",
    "PointLiesOnCircle(Y, Circle(B, radius_0_0))",
    "PointLiesOnCircle(X, Circle(B, radius_0_0))"
  ],
  "line_instances": [
    "AY",
    "CX",
    "WA",
    "WC",
    "WX",
    "WY"
  ],
  "point_positions": {
    "A": [
      284.0,
      394.0
    ],
    "B": [
      246.0,
      198.0
    ],
    "C": [
      283.0,
      0.0
    ],
    "W": [
      0.0,
      197.0
    ],
    "X": [
      165.0,
      83.0
    ],
    "Y": [
      166.0,
      312.0
    ]
  },
  "circle_instances": [
    "B"
  ]
}