{
  "problem_text": "What is the length of E F?",
  "choices": [
    "13",
    "14.5",
    "26",
    "29"
  ],
  "answer": "C",
  "detailed_solution": " x = 14.5",
  "problem_type_graph": [
    "Triangle"
  ],
  "problem_type_goal": [
    "Length"
  ],
  "source": "textbook1_chapter_10.pdf",
  "comment": "good example",
  "id": 1537,
  "annot_id": "pan_2020-03-28_00_58_16",
  "is_standard": false,
  "compact_choices": [
    "13",
    "14.5",
    "26",
    "29"
  ],
  "precise_value": [
    13.0,
    14.5,
    26.0,
    29.0
  ],
  "rough_value": [
    13,
    14.5,
    26,
    29
  ],
  "compact_text": "What is the length of EF?",
  "annotat_text": "What is the length of $\\overline{EF}$?",
  "unit": "",
  "img_width": 336,
  "img_height": 262,
  "data_type": "train",
  "date": "Fri Sep 18 22:23:14 2020",
  "system": "linux"
}