{
  "problem_text": "Find z in the figure.",
  "choices": [
    "16",
    "36",
    "42",
    "48"
  ],
  "answer": "C",
  "detailed_solution": " ",
  "problem_type_graph": [
    "Line",
    "Triangle",
    "Parallelogram"
  ],
  "problem_type_goal": [
    "Angle"
  ],
  "source": "Textbook 2_Chapter 4 - Congruent Triangles.pdf",
  "comment": "",
  "id": 684,
  "annot_id": "pan_2020-03-18_05_48_28",
  "is_standard": false,
  "compact_choices": [
    "16",
    "36",
    "42",
    "48"
  ],
  "precise_value": [
    16.0,
    36.0,
    42.0,
    48.0
  ],
  "rough_value": [
    16,
    36,
    42,
    48
  ],
  "compact_text": "Find z in the figure.",
  "annotat_text": "Find $z$ in the figure.",
  "unit": "",
  "img_width": 245,
  "img_height": 273,
  "data_type": "train",
  "date": "Fri Sep 18 22:23:14 2020",
  "system": "linux"
}