{
  "problem_text": "Find the area of the figure to the nearest tenth.",
  "choices": [
    "80.6",
    "87.5",
    "94.4",
    "112.6"
  ],
  "answer": "B",
  "detailed_solution": " ",
  "problem_type_graph": [
    "Circle",
    "Trapezoid"
  ],
  "problem_type_goal": [
    "Area"
  ],
  "source": "Textbook 2_Chapter 11 - Areas of Polygons and Circles.pdf",
  "comment": "",
  "id": 1860,
  "annot_id": "pan_2020-03-22_07_22_21",
  "is_standard": false,
  "unit": "units^2",
  "compact_choices": [
    "80.6",
    "87.5",
    "94.4",
    "112.6"
  ],
  "precise_value": [
    80.6,
    87.5,
    94.4,
    112.6
  ],
  "rough_value": [
    80.6,
    87.5,
    94.4,
    112.6
  ],
  "compact_text": "Find the area of the figure to the nearest tenth.",
  "annotat_text": "Find the area of the figure to the nearest tenth.",
  "img_width": 320,
  "img_height": 230,
  "data_type": "train",
  "date": "Fri Sep 18 22:23:14 2020",
  "system": "linux"
}