{
  "text_logic_form": [
    "Find(AreaOf(Shape($)))"
  ],
  "dissolved_text_logic_form": [
    "Find(AreaOf(Shape($)))"
  ],
  "diagram_logic_form": [
    "Equals(LengthOf(Line(A, D)), 8)",
    "Equals(LengthOf(Line(A, E)), 4)",
    "Equals(MeasureOf(Angle(C, F, E)), 60)",
    "Equals(LengthOf(Line(F, C)), 10)",
    "PointLiesOnLine(E, Line(A, F))",
    "PointLiesOnCircle(A, Circle(E, radius_4_0))",
    "PointLiesOnCircle(F, Circle(E, radius_4_0))",
    "PointLiesOnCircle(G, Circle(E, radius_4_0))"
  ],
  "line_instances": [
    "AD",
    "CD",
    "CF",
    "AF",
    "AE",
    "EF"
  ],
  "point_positions": {
    "A": [
      155.0,
      10.0
    ],
    "C": [
      40.0,
      142.0
    ],
    "D": [
      1.0,
      10.0
    ],
    "E": [
      194.0,
      73.0
    ],
    "F": [
      230.0,
      143.0
    ]
  },
  "circle_instances": [
    "E"
  ]
}