{
  "problem_text": "Find \\cos A.",
  "choices": [
    "\\frac { \\sqrt { 26 } } { 26 }",
    "\\frac { 2 \\sqrt { 26 } } { 26 }",
    "\\frac { 5 \\sqrt { 26 } } { 26 }",
    "\\frac { 7 \\sqrt { 26 } } { 26 }"
  ],
  "answer": "C",
  "detailed_solution": " ",
  "problem_type_graph": [
    "Triangle"
  ],
  "problem_type_goal": [
    "Ratio"
  ],
  "source": "textbook2_chapter7.pdf page 29",
  "comment": "",
  "id": 119,
  "annot_id": "Ran_2020-03-22_06_54_17",
  "is_standard": false,
  "compact_choices": [
    "\\frac{\\sqrt{26}}{26}",
    "\\frac{2\\sqrt{26}}{26}",
    "\\frac{5\\sqrt{26}}{26}",
    "\\frac{7\\sqrt{26}}{26}"
  ],
  "precise_value": [
    0.19611613513818402,
    0.39223227027636803,
    0.9805806756909201,
    1.372812945967288
  ],
  "rough_value": [
    0.2,
    0.39,
    0.98,
    1.37
  ],
  "compact_text": "Find \\cos A.",
  "annotat_text": "Find cosA",
  "unit": "",
  "img_width": 805,
  "img_height": 265,
  "data_type": "train",
  "date": "Fri Sep 18 22:23:14 2020",
  "system": "linux"
}