{
  "problem_text": "Find the area of the shaded region. Round to the nearest tenth.",
  "choices": [
    "3.9",
    "5.2",
    "7.9",
    "20.4"
  ],
  "answer": "C",
  "detailed_solution": " ",
  "problem_type_graph": [
    "Circle"
  ],
  "problem_type_goal": [
    "Area"
  ],
  "source": "textbook1_chapter_11.pdf",
  "comment": "",
  "id": 187,
  "annot_id": "pan_2020-03-23_03_07_41",
  "is_standard": false,
  "unit": "m^2",
  "compact_choices": [
    "3.9",
    "5.2",
    "7.9",
    "20.4"
  ],
  "precise_value": [
    3.9,
    5.2,
    7.9,
    20.4
  ],
  "rough_value": [
    3.9,
    5.2,
    7.9,
    20.4
  ],
  "compact_text": "Find the area of the shaded region. Round to the nearest tenth.",
  "annotat_text": "Find the area of the shaded region. Round to the nearest tenth.",
  "img_width": 219,
  "img_height": 216,
  "data_type": "train",
  "date": "Fri Sep 18 22:23:14 2020",
  "system": "linux"
}