{
  "problem_text": "Find X A.",
  "choices": [
    "2",
    "4",
    "8",
    "16"
  ],
  "answer": "B",
  "detailed_solution": " ",
  "problem_type_graph": [
    "Triangle"
  ],
  "problem_type_goal": [
    "Length"
  ],
  "source": "textbook1_chapter_5.pdf",
  "comment": "",
  "id": 943,
  "annot_id": "Shibiao_2020-03-22_06_46_57",
  "is_standard": false,
  "compact_choices": [
    "2",
    "4",
    "8",
    "16"
  ],
  "precise_value": [
    2.0,
    4.0,
    8.0,
    16.0
  ],
  "rough_value": [
    2,
    4,
    8,
    16
  ],
  "compact_text": "Find XA.",
  "annotat_text": "Find $XA$.",
  "unit": "",
  "img_width": 531,
  "img_height": 498,
  "data_type": "train",
  "date": "Fri Sep 18 22:23:14 2020",
  "system": "linux"
}