{
  "problem_text": "Find y so that the quadrilateral is a parallelogram.",
  "choices": [
    "5",
    "10",
    "12",
    "50"
  ],
  "answer": "A",
  "detailed_solution": " ",
  "problem_type_graph": [
    "Parallelogram"
  ],
  "problem_type_goal": [
    "Length"
  ],
  "source": "textbook1_chapter6.pdf page 33",
  "comment": "",
  "id": 1636,
  "annot_id": "Ran_2020-03-19_01_20_29",
  "is_standard": false,
  "compact_choices": [
    "5",
    "10",
    "12",
    "50"
  ],
  "precise_value": [
    5.0,
    10.0,
    12.0,
    50.0
  ],
  "rough_value": [
    5,
    10,
    12,
    50
  ],
  "compact_text": "Find y so that the quadrilateral is a parallelogram.",
  "annotat_text": "Find $y$ so that the quadrilateral is a parallelogram",
  "unit": "",
  "img_width": 530,
  "img_height": 304,
  "data_type": "train",
  "date": "Fri Sep 18 22:23:14 2020",
  "system": "linux"
}