{
  "problem_text": "Find x. Round to the nearest tenth.",
  "choices": [
    "2.6",
    "5.2",
    "10.4",
    "27.2"
  ],
  "answer": "B",
  "detailed_solution": " ",
  "problem_type_graph": [
    "Triangle"
  ],
  "problem_type_goal": [
    "Length"
  ],
  "source": "textbook1_chapter_8.pdf",
  "comment": "",
  "id": 301,
  "annot_id": "pan_2020-03-25_19_39_30",
  "is_standard": false,
  "compact_choices": [
    "2.6",
    "5.2",
    "10.4",
    "27.2"
  ],
  "precise_value": [
    2.6,
    5.2,
    10.4,
    27.2
  ],
  "rough_value": [
    2.6,
    5.2,
    10.4,
    27.2
  ],
  "compact_text": "Find x. Round to the nearest tenth.",
  "annotat_text": "Find x. Round to the nearest tenth.",
  "unit": "",
  "img_width": 290,
  "img_height": 286,
  "data_type": "train",
  "date": "Fri Sep 18 22:23:14 2020",
  "system": "linux"
}