{
  "problem_text": "isosceles trapezoid T W Y Z with \\angle Z \\cong \\angle Y, m \\angle Z = 30 x, \\angle T \\cong \\angle W, and m \\angle T = 20 x, find \\angle W.",
  "choices": [
    "62",
    "72",
    "108",
    "118"
  ],
  "answer": "B",
  "detailed_solution": " ",
  "problem_type_graph": [
    "Trapezoid"
  ],
  "problem_type_goal": [
    "Angle"
  ],
  "source": "textbook2_chapter8.pdf page 9",
  "comment": "",
  "id": 755,
  "annot_id": "Ran_2020-03-27_01_09_27",
  "is_standard": false,
  "compact_choices": [
    "62",
    "72",
    "108",
    "118"
  ],
  "precise_value": [
    62.0,
    72.0,
    108.0,
    118.0
  ],
  "rough_value": [
    62,
    72,
    108,
    118
  ],
  "compact_text": "isosceles trapezoid TWYZ with \\angle Z \\cong \\angle Y, m \\angle Z = 30x, \\angle T \\cong \\angle W, and m \\angle T = 20x, find \\angle W.",
  "annotat_text": "isosceles trapezoid TWYZ with $\\angle Z \\cong \\angle Y, m \\angle Z=30 x$, $\\angle T \\cong \\angle W,$ and $m \\angle T=20 x$, find $\\angle W$",
  "unit": "",
  "img_width": 324,
  "img_height": 206,
  "data_type": "train",
  "date": "Fri Sep 18 22:23:14 2020",
  "system": "linux"
}