{
  "problem_text": "\\overrightarrow B A and \\overrightarrow B C are opposite rays and \\overrightarrow B D bisects \\angle A B F. If m \\angle A B F = 3 x - 8 and m \\angle A B D = x + 14, find m \\angle A B D.",
  "choices": [
    "14",
    "36",
    "50",
    "54"
  ],
  "answer": "C",
  "detailed_solution": " ",
  "problem_type_graph": [
    "Line"
  ],
  "problem_type_goal": [
    "Angle"
  ],
  "source": "textbook1_chapter_7.pdf",
  "comment": "problem text is complicated",
  "id": 200,
  "annot_id": "Shibiao_2020-03-22_09_08_09",
  "is_standard": false,
  "compact_choices": [
    "14",
    "36",
    "50",
    "54"
  ],
  "precise_value": [
    14.0,
    36.0,
    50.0,
    54.0
  ],
  "rough_value": [
    14,
    36,
    50,
    54
  ],
  "compact_text": "\\overrightarrow BA and \\overrightarrow BC are opposite rays and \\overrightarrow BD bisects \\angle ABF. If m \\angle ABF = 3x-8 and m \\angle ABD = x+14, find m \\angle ABD.",
  "annotat_text": "$\\overrightarrow{BA}$ and $\\overrightarrow{BC}$ are opposite rays and $\\overrightarrow{BD}$ bisects $\\angle ABF$. If $m \\angle ABF=3x-8$ and $m \\angle ABD=x+14$, find $m \\angle ABD$.",
  "unit": "",
  "img_width": 510,
  "img_height": 430,
  "data_type": "train",
  "date": "Fri Sep 18 22:23:14 2020",
  "system": "linux"
}