{
  "problem_text": "If M N P Q \\sim X Y Z W, find the scale factor of M N P Q to X Y Z W.",
  "choices": [
    "2",
    "3",
    "4",
    "7"
  ],
  "answer": "A",
  "detailed_solution": " ",
  "problem_type_graph": [
    "Other"
  ],
  "problem_type_goal": [
    "Ratio"
  ],
  "source": "textbook1_chapter_7.pdf",
  "comment": "! two subgraph",
  "id": 1156,
  "annot_id": "Shibiao_2020-03-22_09_28_23",
  "is_standard": false,
  "compact_choices": [
    "2",
    "3",
    "4",
    "7"
  ],
  "precise_value": [
    2.0,
    3.0,
    4.0,
    7.0
  ],
  "rough_value": [
    2,
    3,
    4,
    7
  ],
  "compact_text": "If MNPQ \\sim XYZW, find the scale factor of MNPQ to XYZW.",
  "annotat_text": "If $MNPQ \\sim XYZW,$ find the scale factor of $MNPQ$ to $XYZW$.",
  "unit": "",
  "img_width": 1202,
  "img_height": 372,
  "data_type": "train",
  "date": "Fri Sep 18 22:23:14 2020",
  "system": "linux"
}