{
  "problem_text": "m \\angle 4 = 32. Find the measure of \\angle 5.",
  "choices": [
    "32",
    "58",
    "68",
    "90"
  ],
  "answer": "B",
  "detailed_solution": " ",
  "problem_type_graph": [
    "Line"
  ],
  "problem_type_goal": [
    "Angle"
  ],
  "source": "textbook1_chapter_3.pdf",
  "comment": "",
  "id": 733,
  "annot_id": "pan_2020-03-15_01_51_30",
  "is_standard": false,
  "compact_choices": [
    "32",
    "58",
    "68",
    "90"
  ],
  "precise_value": [
    32.0,
    58.0,
    68.0,
    90.0
  ],
  "rough_value": [
    32,
    58,
    68,
    90
  ],
  "compact_text": "m \\angle 4 = 32. Find the measure of \\angle 5.",
  "annotat_text": "$m\u22204 = 32$. Find the measure of $\\angle 5$.",
  "unit": "",
  "img_width": 231,
  "img_height": 227,
  "data_type": "train",
  "date": "Fri Sep 18 22:23:14 2020",
  "system": "linux"
}