{
  "problem_text": "Find the perimeter of the triangle. Round to the nearest tenth if necessary.",
  "choices": [
    "21",
    "24",
    "36",
    "54"
  ],
  "answer": "C",
  "detailed_solution": " ",
  "problem_type_graph": [
    "Triangle"
  ],
  "problem_type_goal": [
    "Length"
  ],
  "source": "textbook1_chapter_11.pdf",
  "comment": "",
  "id": 440,
  "annot_id": "pan_2020-03-23_07_56_49",
  "is_standard": false,
  "unit": "ft",
  "compact_choices": [
    "21",
    "24",
    "36",
    "54"
  ],
  "precise_value": [
    21.0,
    24.0,
    36.0,
    54.0
  ],
  "rough_value": [
    21,
    24,
    36,
    54
  ],
  "compact_text": "Find the perimeter of the triangle. Round to the nearest tenth if necessary.",
  "annotat_text": "Find the perimeter of the triangle. Round to the nearest tenth if necessary.",
  "img_width": 242,
  "img_height": 194,
  "data_type": "train",
  "date": "Fri Sep 18 22:23:14 2020",
  "system": "linux"
}