{
  "text_logic_form": [
    "Find(PerimeterOf(Triangle($)))"
  ],
  "dissolved_text_logic_form": [
    "Find(PerimeterOf(Triangle(A,B,C)))"
  ],
  "diagram_logic_form": [
    "Equals(LengthOf(Line(A, B)), 15)",
    "Equals(LengthOf(Line(A, C)), 9)",
    "Equals(LengthOf(Line(B, C)), 12)",
    "Perpendicular(Line(A, C), Line(B, C))"
  ],
  "line_instances": [
    "AB",
    "AC",
    "BC"
  ],
  "point_positions": {
    "A": [
      160.0,
      1.0
    ],
    "B": [
      1.0,
      118.0
    ],
    "C": [
      159.0,
      118.0
    ]
  },
  "circle_instances": [
    ""
  ]
}