{
  "problem_text": "Find the area of the parallelogram. Round to the nearest tenth if necessary.",
  "choices": [
    "92",
    "210",
    "420",
    "525"
  ],
  "answer": "C",
  "detailed_solution": " ",
  "problem_type_graph": [
    "Parallelogram"
  ],
  "problem_type_goal": [
    "Area"
  ],
  "source": "textbook1_chapter_11.pdf",
  "comment": "",
  "id": 137,
  "annot_id": "pan_2020-03-23_04_24_42",
  "is_standard": false,
  "unit": "in^2",
  "compact_choices": [
    "92",
    "210",
    "420",
    "525"
  ],
  "precise_value": [
    92.0,
    210.0,
    420.0,
    525.0
  ],
  "rough_value": [
    92,
    210,
    420,
    525
  ],
  "compact_text": "Find the area of the parallelogram. Round to the nearest tenth if necessary.",
  "annotat_text": "Find the area of the parallelogram. Round to the nearest tenth if necessary.",
  "img_width": 354,
  "img_height": 197,
  "data_type": "train",
  "date": "Fri Sep 18 22:23:14 2020",
  "system": "linux"
}