{
  "text_logic_form": [
    "Find(AreaOf(Parallelogram($)))"
  ],
  "dissolved_text_logic_form": [
    "Find(AreaOf(Parallelogram(A,C,B,N)))"
  ],
  "diagram_logic_form": [
    "Equals(LengthOf(Line(O, B)), 20)",
    "Equals(LengthOf(Line(A, C)), 25)",
    "Equals(LengthOf(Line(A, N)), 21)",
    "PointLiesOnLine(N, Line(A, O))",
    "Perpendicular(Line(B, O), Line(N, O))"
  ],
  "line_instances": [
    "AC",
    "AN",
    "AO",
    "BO",
    "CB",
    "NB",
    "NO"
  ],
  "point_positions": {
    "A": [
      1.0,
      137.0
    ],
    "B": [
      229.0,
      1.0
    ],
    "C": [
      93.0,
      2.0
    ],
    "N": [
      134.0,
      137.0
    ],
    "O": [
      149.0,
      137.0
    ]
  },
  "circle_instances": [
    ""
  ]
}