{
  "problem_text": "Find y.",
  "choices": [
    "5",
    "5 \\sqrt { 2 }",
    "5 \\sqrt { 3 }",
    "10"
  ],
  "answer": "D",
  "detailed_solution": " ",
  "problem_type_graph": [
    "Triangle"
  ],
  "problem_type_goal": [
    "Length"
  ],
  "source": "textbook1_chapter_8.pdf",
  "comment": "",
  "id": 467,
  "annot_id": "pan_2020-03-25_19_14_57",
  "is_standard": false,
  "compact_choices": [
    "5",
    "5\\sqrt{2}",
    "5\\sqrt{3}",
    "10"
  ],
  "precise_value": [
    5.0,
    7.0710678118654755,
    8.660254037844386,
    10.0
  ],
  "rough_value": [
    5,
    7.07,
    8.66,
    10
  ],
  "compact_text": "Find y.",
  "annotat_text": "Find y.",
  "unit": "",
  "img_width": 316,
  "img_height": 212,
  "data_type": "train",
  "date": "Fri Sep 18 22:23:14 2020",
  "system": "linux"
}