{
  "text_logic_form": [
    "Find(y)"
  ],
  "dissolved_text_logic_form": [
    "Find(y)"
  ],
  "diagram_logic_form": [
    "Equals(MeasureOf(Angle(B, A, C)), 60)",
    "Equals(LengthOf(Line(A, B)), y)",
    "Equals(LengthOf(Line(A, C)), 5)",
    "Equals(LengthOf(Line(B, C)), x)",
    "Perpendicular(Line(A, C), Line(B, C))"
  ],
  "line_instances": [
    "AB",
    "AC",
    "BC"
  ],
  "circle_instances": [],
  "point_positions": {
    "A": [
      0.6675650470152448,
      0.5310112340323485
    ],
    "B": [
      257.98010271232806,
      151.98823195437302
    ],
    "C": [
      0.006622010544276691,
      150.000076407814
    ]
  }
}