{
  "problem_text": "Express the ratio of \\sin L as a decimal to the nearest hundredth.",
  "choices": [
    "0.38",
    "0.42",
    "0.92",
    "2.40"
  ],
  "answer": "A",
  "detailed_solution": " ",
  "problem_type_graph": [
    "Triangle"
  ],
  "problem_type_goal": [
    "Angle",
    "Ratio"
  ],
  "source": "textbook1_chapter_8.pdf",
  "comment": "",
  "id": 1692,
  "annot_id": "pan_2020-03-25_23_11_14",
  "is_standard": false,
  "compact_choices": [
    "0.38",
    "0.42",
    "0.92",
    "2.40"
  ],
  "precise_value": [
    0.38,
    0.42,
    0.92,
    2.4
  ],
  "rough_value": [
    0.38,
    0.42,
    0.92,
    2.4
  ],
  "compact_text": "Express the ratio of \\sin L as a decimal to the nearest hundredth.",
  "annotat_text": "Express the ratio of $\\sin L$ as a decimal to the nearest hundredth.",
  "unit": "",
  "img_width": 311,
  "img_height": 216,
  "data_type": "train",
  "date": "Fri Sep 18 22:23:14 2020",
  "system": "linux"
}