{
  "problem_text": "Find the measure of x.",
  "choices": [
    "0.5",
    "1.0",
    "1.5",
    "2.0"
  ],
  "answer": "A",
  "detailed_solution": " ",
  "problem_type_graph": [
    "Circle"
  ],
  "problem_type_goal": [
    "Length"
  ],
  "source": "textbook1_chapter_10.pdf",
  "comment": "",
  "id": 314,
  "annot_id": "pan_2020-03-28_00_35_45",
  "is_standard": false,
  "compact_choices": [
    "0.5",
    "1.0",
    "1.5",
    "2.0"
  ],
  "precise_value": [
    0.5,
    1.0,
    1.5,
    2.0
  ],
  "rough_value": [
    0.5,
    1,
    1.5,
    2
  ],
  "compact_text": "Find the measure of x.",
  "annotat_text": "Find the measure of $x$.",
  "unit": "",
  "img_width": 284,
  "img_height": 279,
  "data_type": "train",
  "date": "Fri Sep 18 22:23:14 2020",
  "system": "linux"
}