{
  "text_logic_form": [
    "Find(MeasureOf(x))"
  ],
  "dissolved_text_logic_form": [
    "Find(MeasureOf(x))"
  ],
  "diagram_logic_form": [
    "Equals(LengthOf(Line(B, E)), x)",
    "Equals(LengthOf(Line(E, C)), x+3)",
    "Equals(LengthOf(Line(D, E)), x+10)",
    "Equals(LengthOf(Line(E, A)), x+1)",
    "PointLiesOnLine(E, Line(B, D))",
    "PointLiesOnLine(E, Line(C, A))",
    "PointLiesOnCircle(B, Circle(F, radius_1_0))",
    "PointLiesOnCircle(C, Circle(F, radius_1_0))",
    "PointLiesOnCircle(A, Circle(F, radius_1_0))",
    "PointLiesOnCircle(D, Circle(F, radius_1_0))"
  ],
  "line_instances": [
    "BD",
    "BE",
    "BF",
    "CA",
    "DE",
    "EA",
    "EC",
    "FD",
    "FE"
  ],
  "point_positions": {
    "A": [
      2.0,
      115.0
    ],
    "B": [
      48.0,
      15.0
    ],
    "C": [
      148.0,
      19.0
    ],
    "D": [
      146.0,
      177.0
    ],
    "E": [
      78.0,
      65.0
    ],
    "F": [
      95.0,
      99.0
    ]
  },
  "circle_instances": [
    "F"
  ]
}