{
  "problem_text": "A B C D is a rectangle. If A C = 9 x - 1 and A F = 2 x + 7, find A F.",
  "choices": [
    "3",
    "6",
    "13",
    "26"
  ],
  "answer": "C",
  "detailed_solution": " ",
  "problem_type_graph": [
    "Rectangle"
  ],
  "problem_type_goal": [
    "Length"
  ],
  "source": "textbook2_chapter8.pdf page 55",
  "comment": "",
  "id": 243,
  "annot_id": "Ran_2020-03-27_07_09_42",
  "is_standard": false,
  "compact_choices": [
    "3",
    "6",
    "13",
    "26"
  ],
  "precise_value": [
    3.0,
    6.0,
    13.0,
    26.0
  ],
  "rough_value": [
    3,
    6,
    13,
    26
  ],
  "compact_text": "ABCD is a rectangle. If AC = 9x-1 and AF = 2x+7, find AF.",
  "annotat_text": "ABCD is a rectangle.  If $A C=9 x-1$ and $A F=2 x+7,$ find $A F$",
  "unit": "",
  "img_width": 373,
  "img_height": 169,
  "data_type": "train",
  "date": "Fri Sep 18 22:23:14 2020",
  "system": "linux"
}