{
  "text_logic_form": [
    "Rectangle(A,B,C,D)",
    "Equals(LengthOf(Line(A,C)),9x-1)",
    "Equals(LengthOf(Line(A,F)),2x+7)",
    "Find(LengthOf(Line(A,F)))"
  ],
  "dissolved_text_logic_form": [
    "Rectangle(A,B,C,D)",
    "Equals(LengthOf(Line(A,C)),9x-1)",
    "Equals(LengthOf(Line(A,F)),2x+7)",
    "Find(LengthOf(Line(A,F)))"
  ],
  "diagram_logic_form": [
    "Equals(MeasureOf(Angle(B, A, C)), MeasureOf(angle 1))",
    "Equals(MeasureOf(Angle(D, B, A)), MeasureOf(angle 2))",
    "Equals(MeasureOf(Angle(A, F, B)), MeasureOf(angle 3))",
    "Equals(MeasureOf(Angle(D, F, A)), MeasureOf(angle 4))",
    "Equals(MeasureOf(Angle(C, F, D)), MeasureOf(angle 6))",
    "Equals(MeasureOf(Angle(A, D, B)), MeasureOf(angle 5))",
    "PointLiesOnLine(F, Line(C, A))",
    "PointLiesOnLine(F, Line(D, B))"
  ],
  "line_instances": [
    "CD",
    "CA",
    "CB",
    "CF",
    "DA",
    "DB",
    "DF",
    "AB",
    "AF",
    "BF"
  ],
  "circle_instances": [],
  "point_positions": {
    "C": [
      267.59694720363564,
      122.59127166946661
    ],
    "D": [
      0.32483497386135696,
      124.00758612388921
    ],
    "A": [
      0.4993753842406363,
      1.0768277383999845
    ],
    "B": [
      267.51351099769454,
      2.0539509054767606
    ],
    "F": [
      134.79646717236977,
      62.865542769408506
    ]
  }
}