{
  "text_logic_form": [
    "Find(x)"
  ],
  "dissolved_text_logic_form": [
    "Find(x)"
  ],
  "diagram_logic_form": [
    "Equals(LengthOf(Line(A, E)), 13)",
    "Equals(MeasureOf(Angle(C, E, A)), 18)",
    "Equals(MeasureOf(Angle(E, A, C)), 141)",
    "Equals(LengthOf(Line(C, E)), x)"
  ],
  "line_instances": [
    "AC",
    "AE",
    "CE"
  ],
  "point_positions": {
    "A": [
      146.0,
      93.0
    ],
    "C": [
      188.0,
      228.0
    ],
    "E": [
      1.0,
      0.0
    ]
  },
  "circle_instances": [
    ""
  ]
}