{
  "problem_text": "Find D E.",
  "choices": [
    "6",
    "8",
    "9",
    "11"
  ],
  "answer": "A",
  "detailed_solution": " ",
  "problem_type_graph": [
    "Triangle"
  ],
  "problem_type_goal": [
    "Length"
  ],
  "source": "textbook2_chapter6.pdf page 22",
  "comment": "",
  "id": 316,
  "annot_id": "Ran_2020-03-20_06_07_59",
  "is_standard": false,
  "compact_choices": [
    "6",
    "8",
    "9",
    "11"
  ],
  "precise_value": [
    6.0,
    8.0,
    9.0,
    11.0
  ],
  "rough_value": [
    6,
    8,
    9,
    11
  ],
  "compact_text": "Find DE.",
  "annotat_text": "Find DE",
  "unit": "",
  "img_width": 393,
  "img_height": 267,
  "data_type": "train",
  "date": "Fri Sep 18 22:23:14 2020",
  "system": "linux"
}