{
  "problem_text": "Find x.",
  "choices": [
    "6",
    "8",
    "10",
    "12"
  ],
  "answer": "A",
  "detailed_solution": " ",
  "problem_type_graph": [
    "Triangle"
  ],
  "problem_type_goal": [
    "Length"
  ],
  "source": "textbook2_chapter6.pdf page 44",
  "comment": "",
  "id": 1952,
  "annot_id": "Ran_2020-03-21_07_34_33",
  "is_standard": false,
  "compact_choices": [
    "6",
    "8",
    "10",
    "12"
  ],
  "precise_value": [
    6.0,
    8.0,
    10.0,
    12.0
  ],
  "rough_value": [
    6,
    8,
    10,
    12
  ],
  "compact_text": "Find x.",
  "annotat_text": "Find x",
  "unit": "",
  "img_width": 331,
  "img_height": 249,
  "data_type": "train",
  "date": "Fri Sep 18 22:23:14 2020",
  "system": "linux"
}