{
  "problem_text": "Rhombus M N P Q has an area of 375 square inches. If M P is 25 inches, find N Q.",
  "choices": [
    "15",
    "25",
    "30",
    "50"
  ],
  "answer": "C",
  "detailed_solution": " ",
  "problem_type_graph": [
    "Rhombus"
  ],
  "problem_type_goal": [
    "Length"
  ],
  "source": "Textbook 2_Chapter 11 - Areas of Polygons and Circles.pdf",
  "comment": "",
  "id": 643,
  "annot_id": "pan_2020-03-22_05_33_25",
  "is_standard": false,
  "unit": "in",
  "compact_choices": [
    "15",
    "25",
    "30",
    "50"
  ],
  "precise_value": [
    15.0,
    25.0,
    30.0,
    50.0
  ],
  "rough_value": [
    15,
    25,
    30,
    50
  ],
  "compact_text": "Rhombus MNPQ has an area of 375 square inches. If MP is 25 inches, find NQ.",
  "annotat_text": "Rhombus $MNPQ$ has an area of 375 square inches. If $MP$ is 25 inches, find $NQ$.",
  "img_width": 230,
  "img_height": 274,
  "data_type": "train",
  "date": "Fri Sep 18 22:23:14 2020",
  "system": "linux"
}