{
  "text_logic_form": [
    "Equals(AreaOf(Rhombus(M,N,P,Q)),375)",
    "Equals(Line(M,P),25)",
    "Find(LengthOf(Line(N,Q)))"
  ],
  "dissolved_text_logic_form": [
    "Equals(AreaOf(Rhombus(M,N,P,Q)),375)",
    "Equals(Line(M,P),25)",
    "Find(LengthOf(Line(N,Q)))"
  ],
  "diagram_logic_form": [
    "PointLiesOnLine(A, Line(Q, N))",
    "PointLiesOnLine(A, Line(M, P))"
  ],
  "line_instances": [
    "MA",
    "MP",
    "NA",
    "NM",
    "NP",
    "PA",
    "QA",
    "QM",
    "QN",
    "QP"
  ],
  "point_positions": {
    "A": [
      72.0,
      87.0
    ],
    "M": [
      2.0,
      87.0
    ],
    "N": [
      73.0,
      1.0
    ],
    "P": [
      144.0,
      87.0
    ],
    "Q": [
      71.0,
      174.0
    ]
  },
  "circle_instances": [
    ""
  ]
}