{
  "problem_text": "Find the perimeter of the parallelogram. Round to the nearest tenth if necessary.",
  "choices": [
    "16.8",
    "19.2",
    "21.6",
    "22.7"
  ],
  "answer": "B",
  "detailed_solution": " ",
  "problem_type_graph": [
    "Rectangle"
  ],
  "problem_type_goal": [
    "Length"
  ],
  "source": "Textbook 2_Chapter 11 - Areas of Polygons and Circles.pdf",
  "comment": "",
  "id": 603,
  "annot_id": "pan_2020-03-21_20_38_11",
  "is_standard": false,
  "unit": "ft",
  "compact_choices": [
    "16.8",
    "19.2",
    "21.6",
    "22.7"
  ],
  "precise_value": [
    16.8,
    19.2,
    21.6,
    22.7
  ],
  "rough_value": [
    16.8,
    19.2,
    21.6,
    22.7
  ],
  "compact_text": "Find the perimeter of the parallelogram. Round to the nearest tenth if necessary.",
  "annotat_text": "Find the perimeter of the parallelogram. Round to the nearest tenth if necessary.",
  "img_width": 312,
  "img_height": 209,
  "data_type": "train",
  "date": "Fri Sep 18 22:23:14 2020",
  "system": "linux"
}