{
  "problem_text": "Find the area of the figure. Round to the nearest tenth.",
  "choices": [
    "36.4",
    "105.7",
    "211.4",
    "422.7"
  ],
  "answer": "B",
  "detailed_solution": " ",
  "problem_type_graph": [
    "Circle"
  ],
  "problem_type_goal": [
    "Area"
  ],
  "source": "textbook1_chapter_11.pdf",
  "comment": "",
  "id": 1814,
  "annot_id": "pan_2020-03-23_02_47_05",
  "is_standard": false,
  "unit": "ft^2",
  "compact_choices": [
    "36.4",
    "105.7",
    "211.4",
    "422.7"
  ],
  "precise_value": [
    36.4,
    105.7,
    211.4,
    422.7
  ],
  "rough_value": [
    36.4,
    105.7,
    211.4,
    422.7
  ],
  "compact_text": "Find the area of the figure. Round to the nearest tenth.",
  "annotat_text": "Find the area of the figure. Round to the nearest tenth.",
  "img_width": 207,
  "img_height": 211,
  "data_type": "train",
  "date": "Fri Sep 18 22:23:14 2020",
  "system": "linux"
}