{
  "problem_text": "Find x.",
  "choices": [
    "12",
    "15",
    "18",
    "21"
  ],
  "answer": "C",
  "detailed_solution": " ",
  "problem_type_graph": [
    "Triangle"
  ],
  "problem_type_goal": [
    "Length"
  ],
  "source": "textbook1_chapter_7.pdf",
  "comment": "",
  "id": 2007,
  "annot_id": "Shibiao_2020-03-22_11_51_40",
  "is_standard": false,
  "compact_choices": [
    "12",
    "15",
    "18",
    "21"
  ],
  "precise_value": [
    12.0,
    15.0,
    18.0,
    21.0
  ],
  "rough_value": [
    12,
    15,
    18,
    21
  ],
  "compact_text": "Find x.",
  "annotat_text": "Find $x$.",
  "unit": "",
  "img_width": 534,
  "img_height": 359,
  "data_type": "train",
  "date": "Fri Sep 18 22:23:14 2020",
  "system": "linux"
}