{
  "text_logic_form": [
    "Find(x)"
  ],
  "dissolved_text_logic_form": [
    "Find(x)"
  ],
  "diagram_logic_form": [
    "Equals(LengthOf(Line(E, B)), 5y)",
    "Equals(LengthOf(Line(D, B)), \\frac{7}{3}y+8)",
    "Equals(LengthOf(Line(C, E)), \\frac{1}{3}x+2)",
    "Equals(LengthOf(Line(A, C)), \\frac{2}{3}x-4)",
    "PointLiesOnLine(C, Line(A, E))",
    "PointLiesOnLine(B, Line(D, E))",
    "Equals(LengthOf(Line(A, C)), LengthOf(Line(C, E)))",
    "Equals(MeasureOf(Angle(E, B, C)), MeasureOf(Angle(B, D, A)))"
  ],
  "line_instances": [
    "AC",
    "AD",
    "AE",
    "CB",
    "CE",
    "DB",
    "DE",
    "EB"
  ],
  "point_positions": {
    "A": [
      95.0,
      270.0
    ],
    "B": [
      140.0,
      46.0
    ],
    "C": [
      49.0,
      138.0
    ],
    "D": [
      273.0,
      91.0
    ],
    "E": [
      1.0,
      0.0
    ]
  },
  "circle_instances": [
    ""
  ]
}