{
  "problem_text": "Which of the following statements about the figure is true?",
  "choices": [
    "90 > a + b",
    "a + b = 90",
    "a + b > 90",
    "a > b"
  ],
  "answer": "B",
  "detailed_solution": " ",
  "problem_type_graph": [
    "Line",
    "Triangle"
  ],
  "problem_type_goal": [
    "Angle"
  ],
  "source": "Textbook 2_Chapter 4 - Congruent Triangles.pdf",
  "comment": "Standardized Test Practice, hard",
  "id": 274,
  "annot_id": "pan_2020-03-18_05_56_57",
  "is_standard": true,
  "compact_choices": [
    "90>a+b",
    "a+b=90",
    "a+b>90",
    "a>b"
  ],
  "precise_value": [
    "90 > a + b",
    "a + b = 90",
    "a + b > 90",
    "a > b"
  ],
  "rough_value": [
    "90 > a + b",
    "a + b = 90",
    "a + b > 90",
    "a > b"
  ],
  "compact_text": "Which of the following statements about the figure is true?",
  "annotat_text": "Which of the following statements about the figure is true?",
  "unit": "",
  "img_width": 355,
  "img_height": 174,
  "data_type": "train",
  "date": "Fri Sep 18 22:23:14 2020",
  "system": "linux"
}