{
  "problem_text": "Find the area of \\triangle J K M.",
  "choices": [
    "21",
    "21.25",
    "42",
    "42.5"
  ],
  "answer": "A",
  "detailed_solution": " ",
  "problem_type_graph": [
    "Triangle"
  ],
  "problem_type_goal": [
    "Area"
  ],
  "source": "Textbook 2_Chapter 11 - Areas of Polygons and Circles.pdf",
  "comment": "",
  "id": 1324,
  "annot_id": "pan_2020-03-22_05_36_36",
  "is_standard": false,
  "unit": "ft^2",
  "compact_choices": [
    "21",
    "21.25",
    "42",
    "42.5"
  ],
  "precise_value": [
    21.0,
    21.25,
    42.0,
    42.5
  ],
  "rough_value": [
    21,
    21.25,
    42,
    42.5
  ],
  "compact_text": "Find the area of \\triangle JKM.",
  "annotat_text": "Find the area of $ \\triangle JKM$.",
  "img_width": 406,
  "img_height": 220,
  "data_type": "train",
  "date": "Fri Sep 18 22:23:14 2020",
  "system": "linux"
}