{
  "problem_text": "For trapezoid Q R S T, M and P are midpoints of the legs. If T S = 2 x + 2, Q R = 5 x + 3, and P M = 13, find T S.",
  "choices": [
    "4",
    "8",
    "12",
    "20"
  ],
  "answer": "B",
  "detailed_solution": " ",
  "problem_type_graph": [
    "Trapezoid"
  ],
  "problem_type_goal": [
    "Length"
  ],
  "source": "textbook1_chapter6.pdf page 57",
  "comment": "",
  "id": 1116,
  "annot_id": "Ran_2020-03-19_06_06_02",
  "is_standard": false,
  "compact_choices": [
    "4",
    "8",
    "12",
    "20"
  ],
  "precise_value": [
    4.0,
    8.0,
    12.0,
    20.0
  ],
  "rough_value": [
    4,
    8,
    12,
    20
  ],
  "compact_text": "For trapezoid QRST, M and P are midpoints of the legs. If TS = 2x+2, QR = 5x+3, and PM = 13, find TS.",
  "annotat_text": "For trapezoid QRST, M and P are midpoints of the legs. If TS = 2x + 2, QR = 5x + 3, and PM = 13, find TS.",
  "unit": "",
  "img_width": 304,
  "img_height": 246,
  "data_type": "train",
  "date": "Fri Sep 18 22:23:14 2020",
  "system": "linux"
}