{
  "problem_text": "Find y.",
  "choices": [
    "10",
    "10 \\sqrt { 2 }",
    "10 \\sqrt { 3 }",
    "20"
  ],
  "answer": "C",
  "detailed_solution": " ",
  "problem_type_graph": [
    "Triangle"
  ],
  "problem_type_goal": [
    "Length"
  ],
  "source": "textbook1_chapter_8.pdf",
  "comment": "",
  "id": 696,
  "annot_id": "pan_2020-03-25_23_00_28",
  "is_standard": false,
  "compact_choices": [
    "10",
    "10\\sqrt{2}",
    "10\\sqrt{3}",
    "20"
  ],
  "precise_value": [
    10.0,
    14.142135623730951,
    17.32050807568877,
    20.0
  ],
  "rough_value": [
    10,
    14.14,
    17.32,
    20
  ],
  "compact_text": "Find y.",
  "annotat_text": "Find y.",
  "unit": "",
  "img_width": 237,
  "img_height": 289,
  "data_type": "train",
  "date": "Fri Sep 18 22:23:14 2020",
  "system": "linux"
}