{
  "problem_text": "In the right triangle, what is A B if B C = 6?",
  "choices": [
    "2 \\sqrt { 3 }",
    "4 \\sqrt { 3 }",
    "6 \\sqrt { 2 }",
    "12"
  ],
  "answer": "B",
  "detailed_solution": " ",
  "problem_type_graph": [
    "Triangle"
  ],
  "problem_type_goal": [
    "Length"
  ],
  "source": "textbook2_chapter7.pdf page 23",
  "comment": "",
  "id": 1261,
  "annot_id": "Ran_2020-03-22_05_45_11",
  "is_standard": true,
  "compact_choices": [
    "2\\sqrt{3}",
    "4\\sqrt{3}",
    "6\\sqrt{2}",
    "12"
  ],
  "precise_value": [
    3.4641016151377544,
    6.928203230275509,
    8.485281374238571,
    12.0
  ],
  "rough_value": [
    3.46,
    6.93,
    8.49,
    12
  ],
  "compact_text": "In the right triangle, what is AB if BC = 6?",
  "annotat_text": "In the right triangle, what is $A B$ if $B C=6 ?$",
  "unit": "",
  "img_width": 341,
  "img_height": 232,
  "data_type": "train",
  "date": "Fri Sep 18 22:23:14 2020",
  "system": "linux"
}