{
  "problem_text": "For trapezoid A B C D, S and T are midpoints of the legs. If A B = 3 x, S T = 15, and C D = 9 x, find x.",
  "choices": [
    "2.5",
    "3",
    "3.5",
    "5"
  ],
  "answer": "A",
  "detailed_solution": " ",
  "problem_type_graph": [
    "Trapezoid"
  ],
  "problem_type_goal": [
    "Length"
  ],
  "source": "textbook1_chapter_7.pdf",
  "comment": "",
  "id": 1638,
  "annot_id": "Shibiao_2020-03-22_09_18_51",
  "is_standard": false,
  "compact_choices": [
    "2.5",
    "3",
    "3.5",
    "5"
  ],
  "precise_value": [
    2.5,
    3.0,
    3.5,
    5.0
  ],
  "rough_value": [
    2.5,
    3,
    3.5,
    5
  ],
  "compact_text": "For trapezoid ABCD, S and T are midpoints of the legs. If AB = 3x, ST = 15, and CD = 9x, find x.",
  "annotat_text": "For trapezoid $ABCD$, $S$ and $T$ are midpoints of the legs. If $AB=3x$, $ST=15$, and $CD=9x$, find $x$.",
  "unit": "",
  "img_width": 490,
  "img_height": 447,
  "data_type": "train",
  "date": "Fri Sep 18 22:23:14 2020",
  "system": "linux"
}