{
  "problem_text": "Find m \\angle J L K.",
  "choices": [
    "30",
    "40",
    "50",
    "70"
  ],
  "answer": "B",
  "detailed_solution": " ",
  "problem_type_graph": [
    "Triangle"
  ],
  "problem_type_goal": [
    "Angle"
  ],
  "source": "textbook1_chapter_4.pdf",
  "comment": "",
  "id": 509,
  "annot_id": "Shibiao_2020-03-21_15_42_51",
  "is_standard": false,
  "compact_choices": [
    "30",
    "40",
    "50",
    "70"
  ],
  "precise_value": [
    30.0,
    40.0,
    50.0,
    70.0
  ],
  "rough_value": [
    30,
    40,
    50,
    70
  ],
  "compact_text": "Find m \\angle JLK.",
  "annotat_text": "Find $m \\angle JLK$.",
  "unit": "",
  "img_width": 416,
  "img_height": 357,
  "data_type": "train",
  "date": "Fri Sep 18 22:23:14 2020",
  "system": "linux"
}