{
  "problem_text": "In \\triangle G H J, H P = 5 x - 16, P J = 3 x + 8, m \\angle G J N = 6 y - 3, m \\angle N J H = 4 y + 23 and m \\angle H M G = 4 z + 14. If H M is an altitude of \\angle G H J, find the value of z.",
  "choices": [
    "16",
    "17",
    "18",
    "19"
  ],
  "answer": "D",
  "detailed_solution": " ",
  "problem_type_graph": [
    "Triangle"
  ],
  "problem_type_goal": [
    "Angle"
  ],
  "source": "Textbook 2_Chapter 5 - Relationships in Triangles.pdf",
  "comment": "",
  "id": 1514,
  "annot_id": "pan_2020-03-19_05_46_20",
  "is_standard": false,
  "compact_choices": [
    "16",
    "17",
    "18",
    "19"
  ],
  "precise_value": [
    16.0,
    17.0,
    18.0,
    19.0
  ],
  "rough_value": [
    16,
    17,
    18,
    19
  ],
  "compact_text": "In \\triangle GHJ, HP = 5x-16, PJ = 3x+8, m \\angle GJN = 6y-3, m \\angle NJH = 4y+23 and m \\angle HMG = 4z+14. If HM is an altitude of \\angle GHJ, find the value of z.",
  "annotat_text": "In $\\Delta G H J$, $H P=5 x-16$, $P J=3 x+8$, $m \\angle G J N=6 y-3$, $m \\angle N J H=4 y+23$ and $m \\angle H M G=4 z+14$. If $\\overline{HM}$ is an altitude of $\u2220GHJ$, find the value of $z$.",
  "unit": "",
  "img_width": 320,
  "img_height": 249,
  "data_type": "train",
  "date": "Fri Sep 18 22:23:14 2020",
  "system": "linux"
}