{
  "problem_text": "Find x. Round to the nearest tenth.",
  "choices": [
    "17.7",
    "36.6",
    "57.7",
    "66.0"
  ],
  "answer": "A",
  "detailed_solution": " ",
  "problem_type_graph": [
    "Triangle"
  ],
  "problem_type_goal": [
    "Length"
  ],
  "source": "textbook1_chapter_8.pdf",
  "comment": "",
  "id": 1563,
  "annot_id": "pan_2020-03-24_06_04_07",
  "is_standard": false,
  "compact_choices": [
    "17.7",
    "36.6",
    "57.7",
    "66.0"
  ],
  "precise_value": [
    17.7,
    36.6,
    57.7,
    66.0
  ],
  "rough_value": [
    17.7,
    36.6,
    57.7,
    66
  ],
  "compact_text": "Find x. Round to the nearest tenth.",
  "annotat_text": "Find x. Round to the nearest tenth.",
  "unit": "",
  "img_width": 265,
  "img_height": 327,
  "data_type": "train",
  "date": "Fri Sep 18 22:23:14 2020",
  "system": "linux"
}