{
  "problem_text": "Find m \\angle 2.",
  "choices": [
    "26",
    "39",
    "55",
    "62"
  ],
  "answer": "B",
  "detailed_solution": " ",
  "problem_type_graph": [
    "Triangle"
  ],
  "problem_type_goal": [
    "Angle"
  ],
  "source": "textbook1_chapter_4.pdf",
  "comment": "really complicated",
  "id": 203,
  "annot_id": "Shibiao_2020-03-21_12_57_19",
  "is_standard": false,
  "compact_choices": [
    "26",
    "39",
    "55",
    "62"
  ],
  "precise_value": [
    26.0,
    39.0,
    55.0,
    62.0
  ],
  "rough_value": [
    26,
    39,
    55,
    62
  ],
  "compact_text": "Find m \\angle 2.",
  "annotat_text": "Find $m \\angle 2$.",
  "unit": "",
  "img_width": 1041,
  "img_height": 395,
  "data_type": "train",
  "date": "Fri Sep 18 22:23:14 2020",
  "system": "linux"
}