{
  "problem_text": "In the figure, m \\angle 1 = 53. Find the measure of \\angle 4.",
  "choices": [
    "113",
    "117",
    "123",
    "127"
  ],
  "answer": "D",
  "detailed_solution": " ",
  "problem_type_graph": [
    "Line"
  ],
  "problem_type_goal": [
    "Angle"
  ],
  "source": "Textbook 2_Chapter 3 - Parallel and Perpendicular Lines.pdf",
  "comment": "",
  "id": 1657,
  "annot_id": "pan_2020-03-17_06_08_10",
  "is_standard": false,
  "compact_choices": [
    "113",
    "117",
    "123",
    "127"
  ],
  "precise_value": [
    113.0,
    117.0,
    123.0,
    127.0
  ],
  "rough_value": [
    113,
    117,
    123,
    127
  ],
  "compact_text": "In the figure, m \\angle 1 = 53. Find the measure of \\angle 4.",
  "annotat_text": "In the figure, $m \u22201 = 53$. Find the measure of $\u22204$.",
  "unit": "",
  "img_width": 403,
  "img_height": 396,
  "data_type": "train",
  "date": "Fri Sep 18 22:23:14 2020",
  "system": "linux"
}