{
  "problem_text": "Find x so that the quadrilateral is a parallelogram.",
  "choices": [
    "28",
    "30",
    "90",
    "112"
  ],
  "answer": "B",
  "detailed_solution": " ",
  "problem_type_graph": [
    "Parallelogram"
  ],
  "problem_type_goal": [
    "Angle"
  ],
  "source": "textbook1_chapter6.pdf page 29",
  "comment": "",
  "id": 2048,
  "annot_id": "Ran_2020-03-18_23_03_39",
  "is_standard": false,
  "compact_choices": [
    "28",
    "30",
    "90",
    "112"
  ],
  "precise_value": [
    28.0,
    30.0,
    90.0,
    112.0
  ],
  "rough_value": [
    28,
    30,
    90,
    112
  ],
  "compact_text": "Find x so that the quadrilateral is a parallelogram.",
  "annotat_text": "Find $x$ so that the quadrilateral is a parallelogram.",
  "unit": "",
  "img_width": 543,
  "img_height": 330,
  "data_type": "train",
  "date": "Fri Sep 18 22:23:14 2020",
  "system": "linux"
}