{
  "problem_text": "Find \\angle B of quadrilateral A B C D.",
  "choices": [
    "45",
    "90",
    "135",
    "180"
  ],
  "answer": "B",
  "detailed_solution": " ",
  "problem_type_graph": [
    "Trapezoid"
  ],
  "problem_type_goal": [
    "Angle"
  ],
  "source": "textbook1_chapter6.pdf page5",
  "comment": "",
  "id": 1266,
  "annot_id": "Ran_2020-03-15_02_57_16",
  "is_standard": false,
  "compact_choices": [
    "45",
    "90",
    "135",
    "180"
  ],
  "precise_value": [
    45.0,
    90.0,
    135.0,
    180.0
  ],
  "rough_value": [
    45,
    90,
    135,
    180
  ],
  "compact_text": "Find \\angle B of quadrilateral ABCD.",
  "annotat_text": "Find $\\angle B$ of quadrilateral ABCD",
  "unit": "",
  "img_width": 621,
  "img_height": 381,
  "data_type": "train",
  "date": "Fri Sep 18 22:23:14 2020",
  "system": "linux"
}