{
  "text_logic_form": [
    "Quadrilateral(A,B,C,D)",
    "Find(MeasureOf(Angle(B)))"
  ],
  "dissolved_text_logic_form": [
    "Quadrilateral(A,B,C,D)",
    "Find(MeasureOf(Angle(B)))"
  ],
  "diagram_logic_form": [
    "Equals(MeasureOf(Angle(B, A, D)), 3x)",
    "Equals(MeasureOf(Angle(A, D, C)), x)",
    "Perpendicular(Line(A, B), Line(C, B))",
    "Perpendicular(Line(C, B), Line(D, C))"
  ],
  "line_instances": [
    "DA",
    "DC",
    "AB",
    "CB"
  ],
  "circle_instances": [],
  "point_positions": {
    "D": [
      0.0,
      181.0
    ],
    "B": [
      399.9944751381215,
      2.0
    ],
    "A": [
      130.5985267034991,
      2.0
    ],
    "C": [
      399.33517037528145,
      180.3341620740618
    ]
  }
}