{
  "problem_text": "Find the length of X W.",
  "choices": [
    "4",
    "5",
    "6",
    "9"
  ],
  "answer": "D",
  "detailed_solution": " ",
  "problem_type_graph": [
    "Triangle"
  ],
  "problem_type_goal": [
    "Length"
  ],
  "source": "textbook1_chapter6.pdf",
  "comment": "",
  "id": 377,
  "annot_id": "Ran_2020-03-13_23_20_49",
  "is_standard": false,
  "compact_choices": [
    "4",
    "5",
    "6",
    "9"
  ],
  "precise_value": [
    4.0,
    5.0,
    6.0,
    9.0
  ],
  "rough_value": [
    4,
    5,
    6,
    9
  ],
  "compact_text": "Find the length of XW.",
  "annotat_text": "Find the length of $XW$",
  "unit": "",
  "img_width": 364,
  "img_height": 325,
  "data_type": "train",
  "date": "Fri Sep 18 22:23:14 2020",
  "system": "linux"
}