{
  "problem_text": "In the figure at the right, which cannot be true if m \\parallel l and m \\angle 1 = 73?",
  "choices": [
    "\\angle 1 \\cong \\angle 4",
    "\\angle 3 \\cong \\angle 1",
    "m \\angle 2 + m \\angle 3 = 180",
    "m \\angle 4 > 73"
  ],
  "answer": "A",
  "detailed_solution": " ",
  "problem_type_graph": [
    "Line"
  ],
  "problem_type_goal": [
    "Angle"
  ],
  "source": "Textbook 2_Chapter 3 - Parallel and Perpendicular Lines.pdf",
  "comment": "hard, STANDARDIZED TEST PRACTICE",
  "id": 186,
  "annot_id": "pan_2020-03-17_06_28_24",
  "is_standard": true,
  "compact_choices": [
    "\\angle1\\cong\\angle4",
    "\\angle3\\cong\\angle1",
    "m\\angle2+m\\angle3=180",
    "m\\angle4>73"
  ],
  "precise_value": [
    "\\angle 1 \\cong \\angle 4",
    "\\angle 3 \\cong \\angle 1",
    "m \\angle 2 + m \\angle 3 = 180",
    "m \\angle 4 > 73"
  ],
  "rough_value": [
    "\\angle 1 \\cong \\angle 4",
    "\\angle 3 \\cong \\angle 1",
    "m \\angle 2 + m \\angle 3 = 180",
    "m \\angle 4 > 73"
  ],
  "compact_text": "In the figure at the right, which cannot be true if m \\parallel l and m \\angle 1 = 73?",
  "annotat_text": "In the figure at the right, which cannot be true if $ m \\parallel l $ and $ m \u22201 = 73 $?",
  "unit": "",
  "img_width": 397,
  "img_height": 290,
  "data_type": "train",
  "date": "Fri Sep 18 22:23:14 2020",
  "system": "linux"
}