{
  "problem_text": "Triangle R S T is circumscribed about the circle below. What is the perimeter of the triangle?",
  "choices": [
    "33",
    "36",
    "37",
    "40"
  ],
  "answer": "B",
  "detailed_solution": " ",
  "problem_type_graph": [
    "Circle",
    "Triangle"
  ],
  "problem_type_goal": [
    "Length"
  ],
  "source": "textbook1_chapter_10.pdf",
  "comment": "",
  "id": 1888,
  "annot_id": "pan_2020-03-28_00_47_56",
  "is_standard": true,
  "unit": "units",
  "compact_choices": [
    "33",
    "36",
    "37",
    "40"
  ],
  "precise_value": [
    33.0,
    36.0,
    37.0,
    40.0
  ],
  "rough_value": [
    33,
    36,
    37,
    40
  ],
  "compact_text": "Triangle RST is circumscribed about the circle below. What is the perimeter of the triangle?",
  "annotat_text": "Triangle RST is circumscribed about the circle below. What is the perimeter of the triangle?\r\n ",
  "img_width": 521,
  "img_height": 403,
  "data_type": "train",
  "date": "Fri Sep 18 22:23:14 2020",
  "system": "linux"
}