{
  "problem_text": "Quadrilateral A B C D is a rectangle. If m \\angle A D B = 4 x + 8 and m \\angle D B A = 6 x + 12, find x.",
  "choices": [
    "7",
    "20",
    "36",
    "54"
  ],
  "answer": "A",
  "detailed_solution": " ",
  "problem_type_graph": [
    "Rectangle"
  ],
  "problem_type_goal": [
    "Angle"
  ],
  "source": "textbook1_chapter6.pdf page 62",
  "comment": "",
  "id": 1023,
  "annot_id": "Ran_2020-03-20_02_37_29",
  "is_standard": false,
  "compact_choices": [
    "7",
    "20",
    "36",
    "54"
  ],
  "precise_value": [
    7.0,
    20.0,
    36.0,
    54.0
  ],
  "rough_value": [
    7,
    20,
    36,
    54
  ],
  "compact_text": "Quadrilateral ABCD is a rectangle. If m \\angle ADB = 4x+8 and m \\angle DBA = 6x+12, find x.",
  "annotat_text": "Quadrilateral ABCD is a rectangle. If $m\\angle ADB = 4x + 8$ and $m\\angle DBA = 6x + 12$, find x.",
  "unit": "",
  "img_width": 667,
  "img_height": 336,
  "data_type": "train",
  "date": "Fri Sep 18 22:23:14 2020",
  "system": "linux"
}