{
  "problem_text": "Find m \\angle 1 in the figure.",
  "choices": [
    "37",
    "107",
    "110",
    "143"
  ],
  "answer": "B",
  "detailed_solution": " ",
  "problem_type_graph": [
    "Line"
  ],
  "problem_type_goal": [
    "Angle"
  ],
  "source": "Textbook 2_Chapter 3 - Parallel and Perpendicular Lines.pdf",
  "comment": "",
  "id": 870,
  "annot_id": "pan_2020-03-17_02_56_15",
  "is_standard": false,
  "compact_choices": [
    "37",
    "107",
    "110",
    "143"
  ],
  "precise_value": [
    37.0,
    107.0,
    110.0,
    143.0
  ],
  "rough_value": [
    37,
    107,
    110,
    143
  ],
  "compact_text": "Find m \\angle 1 in the figure.",
  "annotat_text": "Find $m \\angle 1$ in the figure.",
  "unit": "",
  "img_width": 564,
  "img_height": 249,
  "data_type": "train",
  "date": "Fri Sep 18 22:23:14 2020",
  "system": "linux"
}