{
  "text_logic_form": [
    "Find(MeasureOf(Angle(1)))"
  ],
  "dissolved_text_logic_form": [
    "Find(MeasureOf(Angle(1)))"
  ],
  "diagram_logic_form": [
    "Equals(MeasureOf(Angle(E, K, L)), 110)",
    "Equals(MeasureOf(Angle(K, A, H)), MeasureOf(Angle(1)) )",
    "Equals(MeasureOf(Angle(A, H, N)), 37)",
    "PointLiesOnLine(K, Line(A, E))",
    "PointLiesOnLine(H, Line(A, F))",
    "PointLiesOnLine(N, Line(H, D))",
    "PointLiesOnLine(D, Line(H, I))",
    "PointLiesOnLine(N, Line(H, I))",
    "PointLiesOnLine(B, Line(K, G))",
    "PointLiesOnLine(L, Line(K, G))",
    "PointLiesOnLine(O, Line(K, G))",
    "PointLiesOnLine(B, Line(K, L))",
    "PointLiesOnLine(B, Line(K, O))",
    "PointLiesOnLine(L, Line(B, G))",
    "PointLiesOnLine(O, Line(B, G))",
    "PointLiesOnLine(K, Line(B, J))",
    "PointLiesOnLine(O, Line(B, L))",
    "PointLiesOnLine(B, Line(G, J))",
    "PointLiesOnLine(K, Line(G, J))",
    "PointLiesOnLine(L, Line(G, J))",
    "PointLiesOnLine(O, Line(G, J))",
    "PointLiesOnLine(B, Line(J, L))",
    "PointLiesOnLine(K, Line(J, L))",
    "PointLiesOnLine(B, Line(J, O))",
    "PointLiesOnLine(K, Line(J, O))",
    "PointLiesOnLine(N, Line(C, D))",
    "PointLiesOnLine(D, Line(C, I))",
    "PointLiesOnLine(N, Line(C, I))",
    "PointLiesOnLine(H, Line(D, M))",
    "PointLiesOnLine(N, Line(D, M))",
    "PointLiesOnLine(D, Line(I, M))",
    "PointLiesOnLine(H, Line(I, M))",
    "PointLiesOnLine(N, Line(I, M))",
    "PointLiesOnLine(D, Line(I, N))",
    "PointLiesOnLine(H, Line(M, N))",
    "Parallel(Line(J,G), Line(M,I))"
  ],
  "line_instances": [
    "AE",
    "AF",
    "AH",
    "AK",
    "BG",
    "BJ",
    "BL",
    "BO",
    "CD",
    "CI",
    "CM",
    "CN",
    "DI",
    "DM",
    "DN",
    "EK",
    "FH",
    "GJ",
    "GL",
    "GO",
    "HC",
    "HD",
    "HI",
    "HM",
    "HN",
    "IM",
    "IN",
    "JL",
    "JO",
    "KB",
    "KG",
    "KJ",
    "KL",
    "KO",
    "LO",
    "MN"
  ],
  "point_positions": {
    "A": [
      234.0,
      122.0
    ],
    "B": [
      452.0,
      76.0
    ],
    "C": [
      21.0,
      170.0
    ],
    "D": [
      456.0,
      174.0
    ],
    "E": [
      192.0,
      2.0
    ],
    "F": [
      114.0,
      215.0
    ],
    "G": [
      524.0,
      76.0
    ],
    "H": [
      167.0,
      175.0
    ],
    "I": [
      525.0,
      175.0
    ],
    "J": [
      0.0,
      74.0
    ],
    "K": [
      217.0,
      75.0
    ],
    "L": [
      493.0,
      73.0
    ],
    "M": [
      0.0,
      174.0
    ],
    "N": [
      428.0,
      174.0
    ],
    "O": [
      472.0,
      77.0
    ]
  },
  "circle_instances": [
    ""
  ]
}