{
  "problem_text": "Find y in the given parallelogram.",
  "choices": [
    "2",
    "10",
    "31",
    "149"
  ],
  "answer": "A",
  "detailed_solution": " ",
  "problem_type_graph": [
    "Parallelogram"
  ],
  "problem_type_goal": [
    "Length"
  ],
  "source": "textbook1_chapter6.pdf page 16",
  "comment": "",
  "id": 483,
  "annot_id": "Ran_2020-03-15_05_17_45",
  "is_standard": false,
  "compact_choices": [
    "2",
    "10",
    "31",
    "149"
  ],
  "precise_value": [
    2.0,
    10.0,
    31.0,
    149.0
  ],
  "rough_value": [
    2,
    10,
    31,
    149
  ],
  "compact_text": "Find y in the given parallelogram.",
  "annotat_text": "Find $y$ in the given parallelogram",
  "unit": "",
  "img_width": 478,
  "img_height": 433,
  "data_type": "train",
  "date": "Fri Sep 18 22:23:14 2020",
  "system": "linux"
}