{
  "problem_text": "Find m \\angle R C L.",
  "choices": [
    "43",
    "137",
    "223",
    "247"
  ],
  "answer": "B",
  "detailed_solution": " ",
  "problem_type_graph": [
    "Circle"
  ],
  "problem_type_goal": [
    "Angle"
  ],
  "source": "textbook2_chapter10.pdf page 13",
  "comment": "",
  "id": 469,
  "annot_id": "Ran_2020-03-28_02_01_20",
  "is_standard": false,
  "compact_choices": [
    "43",
    "137",
    "223",
    "247"
  ],
  "precise_value": [
    43.0,
    137.0,
    223.0,
    247.0
  ],
  "rough_value": [
    43,
    137,
    223,
    247
  ],
  "compact_text": "Find m \\angle RCL.",
  "annotat_text": "Find $m \\angle R C L$",
  "unit": "",
  "img_width": 367,
  "img_height": 279,
  "data_type": "train",
  "date": "Fri Sep 18 22:23:14 2020",
  "system": "linux"
}