{
  "text_logic_form": [
    "Find(MeasureOf(Angle(R,C,L)))"
  ],
  "dissolved_text_logic_form": [
    "Find(MeasureOf(Angle(R,C,L)))"
  ],
  "diagram_logic_form": [
    "Equals(MeasureOf(Angle(M, C, N)), 60)",
    "Equals(MeasureOf(Angle(L, C, R)), 3x+5)",
    "Equals(MeasureOf(Angle(M, C, R)), x-1)",
    "PointLiesOnLine(C, Line(M, L))",
    "PointLiesOnCircle(M, Circle(C, radius_0_0))",
    "PointLiesOnCircle(N, Circle(C, radius_0_0))",
    "PointLiesOnCircle(L, Circle(C, radius_0_0))",
    "PointLiesOnCircle(R, Circle(C, radius_0_0))"
  ],
  "line_instances": [
    "CL",
    "CM",
    "CN",
    "CR",
    "ML",
    "MR"
  ],
  "point_positions": {
    "C": [
      85.0,
      85.0
    ],
    "L": [
      69.0,
      167.0
    ],
    "M": [
      105.0,
      3.0
    ],
    "N": [
      167.0,
      58.0
    ],
    "R": [
      41.0,
      14.0
    ]
  },
  "circle_instances": [
    "C"
  ]
}