{
  "problem_text": "If J, P, and L are the midpoints of K H, H M and M K, respectively. Find z.",
  "choices": [
    "1",
    "2",
    "3",
    "4"
  ],
  "answer": "A",
  "detailed_solution": " ",
  "problem_type_graph": [
    "Triangle"
  ],
  "problem_type_goal": [
    "Length"
  ],
  "source": "textbook1_chapter_5.pdf",
  "comment": "",
  "id": 960,
  "annot_id": "Shibiao_2020-03-22_07_11_30",
  "is_standard": false,
  "compact_choices": [
    "1",
    "2",
    "3",
    "4"
  ],
  "precise_value": [
    1.0,
    2.0,
    3.0,
    4.0
  ],
  "rough_value": [
    1,
    2,
    3,
    4
  ],
  "compact_text": "If J, P, and L are the midpoints of KH, HM and MK, respectively. Find z.",
  "annotat_text": "If $J,P,$ and $L$ are the midpoints of $\\overline{KH}, \\overline{HM}$ and $\\overline{MK}$, respectively. Find $z$.",
  "unit": "",
  "img_width": 731,
  "img_height": 529,
  "data_type": "train",
  "date": "Fri Sep 18 22:23:14 2020",
  "system": "linux"
}