{
  "problem_text": "Find x.",
  "choices": [
    "4",
    "6",
    "8",
    "10"
  ],
  "answer": "B",
  "detailed_solution": " ",
  "problem_type_graph": [
    "Other"
  ],
  "problem_type_goal": [
    "Length"
  ],
  "source": "textbook1_chapter_9.pdf",
  "comment": "",
  "id": 252,
  "annot_id": "Shibiao_2020-03-26_06_33_07",
  "is_standard": false,
  "compact_choices": [
    "4",
    "6",
    "8",
    "10"
  ],
  "precise_value": [
    4.0,
    6.0,
    8.0,
    10.0
  ],
  "rough_value": [
    4,
    6,
    8,
    10
  ],
  "compact_text": "Find x.",
  "annotat_text": "Find $x$.",
  "unit": "",
  "img_width": 651,
  "img_height": 549,
  "data_type": "train",
  "date": "Fri Sep 18 22:23:14 2020",
  "system": "linux"
}