{
  "problem_text": "Find the area of the parallelogram. Round to the nearest tenth if necessary.",
  "choices": [
    "420",
    "480",
    "764.4",
    "797.6"
  ],
  "answer": "B",
  "detailed_solution": " ",
  "problem_type_graph": [
    "Parallelogram"
  ],
  "problem_type_goal": [
    "Area"
  ],
  "source": "textbook1_chapter_11.pdf",
  "comment": "",
  "id": 123,
  "annot_id": "pan_2020-03-22_23_39_06",
  "is_standard": false,
  "unit": "m^2",
  "compact_choices": [
    "420",
    "480",
    "764.4",
    "797.6"
  ],
  "precise_value": [
    420.0,
    480.0,
    764.4,
    797.6
  ],
  "rough_value": [
    420,
    480,
    764.4,
    797.6
  ],
  "compact_text": "Find the area of the parallelogram. Round to the nearest tenth if necessary.",
  "annotat_text": "Find the area of the parallelogram. Round to the nearest tenth if necessary.",
  "img_width": 368,
  "img_height": 242,
  "data_type": "train",
  "date": "Fri Sep 18 22:23:14 2020",
  "system": "linux"
}