{
  "problem_text": "Find y.",
  "choices": [
    "\\frac { 15 } { 2 }",
    "\\frac { 15 } { 2 } \\sqrt { 2 }",
    "\\frac { 15 } { 2 } \\sqrt { 3 }",
    "15"
  ],
  "answer": "A",
  "detailed_solution": " ",
  "problem_type_graph": [
    "Triangle"
  ],
  "problem_type_goal": [
    "Length"
  ],
  "source": "textbook1_chapter_8.pdf",
  "comment": "",
  "id": 586,
  "annot_id": "pan_2020-03-24_03_15_27",
  "is_standard": false,
  "compact_choices": [
    "\\frac{15}{2}",
    "\\frac{15}{2}\\sqrt{2}",
    "\\frac{15}{2}\\sqrt{3}",
    "15"
  ],
  "precise_value": [
    7.5,
    10.606601717798213,
    12.990381056766578,
    15.0
  ],
  "rough_value": [
    7.5,
    10.61,
    12.99,
    15
  ],
  "compact_text": "Find y.",
  "annotat_text": "Find y.",
  "unit": "",
  "img_width": 277,
  "img_height": 318,
  "data_type": "train",
  "date": "Fri Sep 18 22:23:14 2020",
  "system": "linux"
}