{
  "problem_text": "m \\angle 9 = 2 x - 4, m \\angle 10 = 2 x + 4. Find the measure of \\angle 9.",
  "choices": [
    "45",
    "82",
    "86",
    "94"
  ],
  "answer": "C",
  "detailed_solution": " ",
  "problem_type_graph": [
    "Line"
  ],
  "problem_type_goal": [
    "Angle"
  ],
  "source": "textbook1_chapter_3.pdf",
  "comment": "",
  "id": 486,
  "annot_id": "pan_2020-03-13_02_43_10",
  "is_standard": false,
  "compact_choices": [
    "45",
    "82",
    "86",
    "94"
  ],
  "precise_value": [
    45.0,
    82.0,
    86.0,
    94.0
  ],
  "rough_value": [
    45,
    82,
    86,
    94
  ],
  "compact_text": "m \\angle 9 = 2x-4, m \\angle 10 = 2x+4. Find the measure of \\angle 9.",
  "annotat_text": "$m\u22209 = 2x - 4$, $m\u222010 = 2x + 4$. Find the measure of $\u22209$.",
  "unit": "",
  "img_width": 223,
  "img_height": 174,
  "data_type": "train",
  "date": "Fri Sep 18 22:23:14 2020",
  "system": "linux"
}