{
  "problem_text": "Chords J F and B C intersect at K. If B K = 8, K C = 12, and K F = 16, find J K.",
  "choices": [
    "6",
    "12",
    "15",
    "18"
  ],
  "answer": "A",
  "detailed_solution": " ",
  "problem_type_graph": [
    "Circle"
  ],
  "problem_type_goal": [
    "Length"
  ],
  "source": "textbook2_chapter10.pdf page 70",
  "comment": "",
  "id": 807,
  "annot_id": "Ran_2020-03-29_06_20_56",
  "is_standard": false,
  "compact_choices": [
    "6",
    "12",
    "15",
    "18"
  ],
  "precise_value": [
    6.0,
    12.0,
    15.0,
    18.0
  ],
  "rough_value": [
    6,
    12,
    15,
    18
  ],
  "compact_text": "Chords JF and BC intersect at K. If BK = 8, KC = 12, and KF = 16, find JK.",
  "annotat_text": "Chords $\\overline{JF}$ and $\\overline{BC}$ intersect at $K .$ If $B K=8$, $K C=12,$ and $K F=16,$ find $J K$",
  "unit": "",
  "img_width": 287,
  "img_height": 185,
  "data_type": "train",
  "date": "Fri Sep 18 22:23:14 2020",
  "system": "linux"
}