{
  "problem_text": "Find m \\angle B.",
  "choices": [
    "20",
    "30",
    "60",
    "80"
  ],
  "answer": "B",
  "detailed_solution": " ",
  "problem_type_graph": [
    "Circle"
  ],
  "problem_type_goal": [
    "Angle"
  ],
  "source": "textbook1_chapter_10.pdf",
  "comment": "",
  "id": 277,
  "annot_id": "Shibiao_2020-03-28_09_10_35",
  "is_standard": false,
  "compact_choices": [
    "20",
    "30",
    "60",
    "80"
  ],
  "precise_value": [
    20.0,
    30.0,
    60.0,
    80.0
  ],
  "rough_value": [
    20,
    30,
    60,
    80
  ],
  "compact_text": "Find m \\angle B.",
  "annotat_text": "Find $m \\angle B$.",
  "unit": "",
  "img_width": 523,
  "img_height": 438,
  "data_type": "train",
  "date": "Fri Sep 18 22:23:14 2020",
  "system": "linux"
}