{
  "problem_text": "In \\odot B, m \\angle L B M = 3 x and m \\angle L B Q = 4 x + 61. What is the measure of \\angle P B Q?",
  "choices": [
    "17",
    "34",
    "51",
    "61"
  ],
  "answer": "C",
  "detailed_solution": " ",
  "problem_type_graph": [
    "Circle"
  ],
  "problem_type_goal": [
    "Angle"
  ],
  "source": "textbook1_chapter_10.pdf",
  "comment": "",
  "id": 1253,
  "annot_id": "Shibiao_2020-03-27_12_26_28",
  "is_standard": false,
  "compact_choices": [
    "17",
    "34",
    "51",
    "61"
  ],
  "precise_value": [
    17.0,
    34.0,
    51.0,
    61.0
  ],
  "rough_value": [
    17,
    34,
    51,
    61
  ],
  "compact_text": "In \\odot B, m \\angle LBM = 3x and m \\angle LBQ = 4x+61. What is the measure of \\angle PBQ?",
  "annotat_text": "In $\\odot B$, $m \\angle LBM = 3x$ and $m \\angle LBQ = 4x + 61$. What is the measure of $\\angle PBQ$?",
  "unit": "",
  "img_width": 480,
  "img_height": 419,
  "data_type": "train",
  "date": "Fri Sep 18 22:23:14 2020",
  "system": "linux"
}