{
  "problem_text": "Find x.",
  "choices": [
    "12",
    "15",
    "18",
    "21"
  ],
  "answer": "D",
  "detailed_solution": " ",
  "problem_type_graph": [
    "Triangle"
  ],
  "problem_type_goal": [
    "Length"
  ],
  "source": "Textbook 2_Chapter 6 - Proportions and Similarity.pdf",
  "comment": "",
  "id": 246,
  "annot_id": "Ran_2020-04-04_05_18_36",
  "is_standard": false,
  "compact_choices": [
    "12",
    "15",
    "18",
    "21"
  ],
  "precise_value": [
    12.0,
    15.0,
    18.0,
    21.0
  ],
  "rough_value": [
    12,
    15,
    18,
    21
  ],
  "compact_text": "Find x.",
  "annotat_text": "Find x.",
  "unit": "",
  "img_width": 261,
  "img_height": 286,
  "data_type": "train",
  "date": "Fri Sep 18 22:23:14 2020",
  "system": "linux"
}