{
  "text_logic_form": [
    "Find(x)"
  ],
  "dissolved_text_logic_form": [
    "Find(x)"
  ],
  "diagram_logic_form": [
    "Equals(LengthOf(Line(C, B)), \\frac{5}{3}x+11)",
    "Equals(LengthOf(Line(D, B)), 3y-9)",
    "Equals(LengthOf(Line(A, D)), x+2)",
    "Equals(LengthOf(Line(Y, D)), 2y+6)",
    "PointLiesOnLine(D, Line(Y, B))",
    "PointLiesOnLine(A, Line(Y, C))",
    "Equals(LengthOf(Line(D, B)), LengthOf(Line(Y, D)))",
    "Equals(LengthOf(Line(A, C)), LengthOf(Line(A, Y)))"
  ],
  "line_instances": [
    "AC",
    "AD",
    "AY",
    "CB",
    "DB",
    "YB",
    "YC",
    "YD"
  ],
  "point_positions": {
    "A": [
      65.0,
      172.0
    ],
    "B": [
      133.0,
      2.0
    ],
    "C": [
      1.0,
      90.0
    ],
    "D": [
      134.0,
      129.0
    ],
    "Y": [
      134.0,
      258.0
    ]
  },
  "circle_instances": [
    ""
  ]
}