{
  "problem_text": "Find x.",
  "choices": [
    "92",
    "102",
    "128",
    "154"
  ],
  "answer": "B",
  "detailed_solution": " ",
  "problem_type_graph": [
    "Circle"
  ],
  "problem_type_goal": [
    "Angle"
  ],
  "source": "textbook1_chapter_10.pdf",
  "comment": "",
  "id": 753,
  "annot_id": "Shibiao_2020-03-28_11_55_29",
  "is_standard": false,
  "compact_choices": [
    "92",
    "102",
    "128",
    "154"
  ],
  "precise_value": [
    92.0,
    102.0,
    128.0,
    154.0
  ],
  "rough_value": [
    92,
    102,
    128,
    154
  ],
  "compact_text": "Find x.",
  "annotat_text": "Find $x$.",
  "unit": "",
  "img_width": 486,
  "img_height": 431,
  "data_type": "train",
  "date": "Fri Sep 18 22:23:14 2020",
  "system": "linux"
}