{
  "problem_text": "Find the circumference of \\odot S. Round to the nearest hundredth.",
  "choices": [
    "7.94",
    "20.42",
    "40.83",
    "81.67"
  ],
  "answer": "C",
  "detailed_solution": " ",
  "problem_type_graph": [
    "Circle"
  ],
  "problem_type_goal": [
    "Length"
  ],
  "source": "textbook1_chapter_10.pdf",
  "comment": "",
  "id": 310,
  "annot_id": "Shibiao_2020-03-27_12_19_19",
  "is_standard": false,
  "compact_choices": [
    "7.94",
    "20.42",
    "40.83",
    "81.67"
  ],
  "precise_value": [
    7.94,
    20.42,
    40.83,
    81.67
  ],
  "rough_value": [
    7.94,
    20.42,
    40.83,
    81.67
  ],
  "compact_text": "Find the circumference of \\odot S. Round to the nearest hundredth.",
  "annotat_text": "Find the circumference of $\\odot S$. Round to the nearest hundredth.",
  "unit": "",
  "img_width": 466,
  "img_height": 418,
  "data_type": "train",
  "date": "Fri Sep 18 22:23:14 2020",
  "system": "linux"
}