{
  "problem_text": "Find the area of the figure.",
  "choices": [
    "16",
    "32",
    "64",
    "128"
  ],
  "answer": "C",
  "detailed_solution": " ",
  "problem_type_graph": [
    "Square"
  ],
  "problem_type_goal": [
    "Area"
  ],
  "source": "textbook1_chapter_10.pdf",
  "comment": "",
  "id": 1645,
  "annot_id": "pan_2020-03-27_21_55_43",
  "is_standard": false,
  "compact_choices": [
    "16",
    "32",
    "64",
    "128"
  ],
  "precise_value": [
    16.0,
    32.0,
    64.0,
    128.0
  ],
  "rough_value": [
    16,
    32,
    64,
    128
  ],
  "compact_text": "Find the area of the figure.",
  "annotat_text": "Find the area of the figure.",
  "unit": "",
  "img_width": 262,
  "img_height": 236,
  "data_type": "train",
  "date": "Fri Sep 18 22:23:14 2020",
  "system": "linux"
}