{
  "problem_text": "Find Y Z.",
  "choices": [
    "6",
    "7",
    "8",
    "9"
  ],
  "answer": "C",
  "detailed_solution": " ",
  "problem_type_graph": [
    "Triangle"
  ],
  "problem_type_goal": [
    "Length"
  ],
  "source": "textbook1_chapter_4.pdf",
  "comment": "",
  "id": 1429,
  "annot_id": "Shibiao_2020-03-21_14_41_13",
  "is_standard": false,
  "compact_choices": [
    "6",
    "7",
    "8",
    "9"
  ],
  "precise_value": [
    6.0,
    7.0,
    8.0,
    9.0
  ],
  "rough_value": [
    6,
    7,
    8,
    9
  ],
  "compact_text": "Find YZ.",
  "annotat_text": "Find $YZ$.",
  "unit": "",
  "img_width": 580,
  "img_height": 489,
  "data_type": "train",
  "date": "Fri Sep 18 22:23:14 2020",
  "system": "linux"
}