{
  "text_logic_form": [
    "Find(LengthOf(Line(Y,Z)))"
  ],
  "dissolved_text_logic_form": [
    "Find(LengthOf(Line(Y,Z)))"
  ],
  "diagram_logic_form": [
    "Equals(LengthOf(Line(Y, X)), 8)",
    "Equals(MeasureOf(Angle(Y, X, Z)), 60)",
    "Equals(LengthOf(Line(X, Z)), 8)"
  ],
  "line_instances": [
    "XZ",
    "YX",
    "YZ"
  ],
  "point_positions": {
    "X": [
      1.0,
      2.0
    ],
    "Y": [
      345.0,
      92.0
    ],
    "Z": [
      94.0,
      345.0
    ]
  },
  "circle_instances": [
    ""
  ]
}