{
  "problem_text": "Find m \\angle 3.",
  "choices": [
    "65",
    "70",
    "95",
    "110"
  ],
  "answer": "C",
  "detailed_solution": " ",
  "problem_type_graph": [
    "Line",
    "Triangle"
  ],
  "problem_type_goal": [
    "Angle"
  ],
  "source": "textbook1_chapter_4.pdf",
  "comment": "complicated with lines and triangle",
  "id": 1684,
  "annot_id": "Shibiao_2020-03-21_13_17_07",
  "is_standard": false,
  "compact_choices": [
    "65",
    "70",
    "95",
    "110"
  ],
  "precise_value": [
    65.0,
    70.0,
    95.0,
    110.0
  ],
  "rough_value": [
    65,
    70,
    95,
    110
  ],
  "compact_text": "Find m \\angle 3.",
  "annotat_text": "Find $m \\angle 3$.",
  "unit": "",
  "img_width": 615,
  "img_height": 401,
  "data_type": "train",
  "date": "Fri Sep 18 22:23:14 2020",
  "system": "linux"
}