{
  "problem_text": "If R T = 16, Q P = 24, and S T = 9, find P S.",
  "choices": [
    "6",
    "9",
    "12",
    "13.5"
  ],
  "answer": "D",
  "detailed_solution": " ",
  "problem_type_graph": [
    "Triangle"
  ],
  "problem_type_goal": [
    "Length"
  ],
  "source": "textbook2_chapter8.pdf page 38",
  "comment": "",
  "id": 305,
  "annot_id": "Ran_2020-03-27_05_06_34",
  "is_standard": false,
  "compact_choices": [
    "6",
    "9",
    "12",
    "13.5"
  ],
  "precise_value": [
    6.0,
    9.0,
    12.0,
    13.5
  ],
  "rough_value": [
    6,
    9,
    12,
    13.5
  ],
  "compact_text": "If RT = 16, QP = 24, and ST = 9, find PS.",
  "annotat_text": "If $R T=16, Q P=24,$ and $S T=9,$ find $P S$",
  "unit": "",
  "img_width": 313,
  "img_height": 230,
  "data_type": "train",
  "date": "Fri Sep 18 22:23:14 2020",
  "system": "linux"
}