{
  "text_logic_form": [
    "Equals(LengthOf(Line(R,T)),16)",
    "Equals(LengthOf(Line(Q,P)),24)",
    "Equals(LengthOf(Line(S,T)),9)",
    "Find(LengthOf(Line(P,S)))"
  ],
  "dissolved_text_logic_form": [
    "Equals(LengthOf(Line(R,T)),16)",
    "Equals(LengthOf(Line(Q,P)),24)",
    "Equals(LengthOf(Line(S,T)),9)",
    "Find(LengthOf(Line(P,S)))"
  ],
  "diagram_logic_form": [
    "PointLiesOnLine(T, Line(P, S))",
    "PointLiesOnLine(R, Line(Q, S))",
    "Parallel(Line(P, Q), Line(T, R))"
  ],
  "line_instances": [
    "PQ",
    "QS",
    "PS",
    "QR",
    "RS",
    "PT",
    "TS"
  ],
  "point_positions": {
    "S": [
      209.0,
      149.0
    ],
    "P": [
      0.0,
      148.0
    ],
    "Q": [
      49.0,
      8.0
    ],
    "R": [
      96.0,
      46.0
    ],
    "T": [
      59.0,
      148.0
    ]
  },
  "circle_instances": [
    ""
  ]
}