{
  "text_logic_form": [
    "Isosceles(Triangle(X,Y,Z))",
    "Find(LengthOf(Line(Y,Z)))"
  ],
  "dissolved_text_logic_form": [
    "Isosceles(Triangle(X,Y,Z))",
    "Find(LengthOf(Line(Y,Z)))"
  ],
  "diagram_logic_form": [
    "Equals(LengthOf(Line(X, Y)), 2x+3)",
    "Equals(LengthOf(Line(Y, A)), 4x-1)",
    "Equals(LengthOf(Line(X, Y)), LengthOf(Line(Y, A)))"
  ],
  "line_instances": [
    "XY",
    "XA",
    "YA"
  ],
  "circle_instances": [],
  "point_positions": {
    "X": [
      0.0,
      110.0
    ],
    "Y": [
      145.99656357388315,
      0.252004581901474
    ],
    "A": [
      289.0,
      110.0
    ]
  }
}