{
  "problem_text": "Find x.",
  "choices": [
    "3",
    "5",
    "6",
    "8"
  ],
  "answer": "B",
  "detailed_solution": " ",
  "problem_type_graph": [
    "Line",
    "Triangle"
  ],
  "problem_type_goal": [
    "Length"
  ],
  "source": "textbook1_chapter_7.pdf",
  "comment": "",
  "id": 1054,
  "annot_id": "Shibiao_2020-03-22_11_38_38",
  "is_standard": false,
  "compact_choices": [
    "3",
    "5",
    "6",
    "8"
  ],
  "precise_value": [
    3.0,
    5.0,
    6.0,
    8.0
  ],
  "rough_value": [
    3,
    5,
    6,
    8
  ],
  "compact_text": "Find x.",
  "annotat_text": "Find $x$.",
  "unit": "",
  "img_width": 654,
  "img_height": 405,
  "data_type": "train",
  "date": "Fri Sep 18 22:23:14 2020",
  "system": "linux"
}