{
  "problem_text": "If \\angle R S T is a right angle, S U \\perp R T, U V \\perp S T, and m \\angle R T S = 47, find m \\angle R.",
  "choices": [
    "25",
    "33",
    "40",
    "43"
  ],
  "answer": "D",
  "detailed_solution": " ",
  "problem_type_graph": [
    "Triangle"
  ],
  "problem_type_goal": [
    "Angle"
  ],
  "source": "textbook2_chapter6.pdf page 24",
  "comment": "",
  "id": 774,
  "annot_id": "Ran_2020-03-21_02_38_58",
  "is_standard": false,
  "compact_choices": [
    "25",
    "33",
    "40",
    "43"
  ],
  "precise_value": [
    25.0,
    33.0,
    40.0,
    43.0
  ],
  "rough_value": [
    25,
    33,
    40,
    43
  ],
  "compact_text": "If \\angle RST is a right angle, SU \\perp RT, UV \\perp ST, and m \\angle RTS = 47, find m \\angle R.",
  "annotat_text": "If $\\angle R S T$ is a right angle, $\\overline{SU} \\perp \\overline{RT}$, $\\overline{UV} \\perp \\overline{ST},$ and $m \\angle RT S=47,$ find $m \\angle R$",
  "unit": "",
  "img_width": 377,
  "img_height": 220,
  "data_type": "train",
  "date": "Fri Sep 18 22:23:14 2020",
  "system": "linux"
}