{
  "problem_text": "Find x.",
  "choices": [
    "3 \\sqrt { 21 }",
    "3 \\sqrt { 29 }",
    "17",
    "21"
  ],
  "answer": "B",
  "detailed_solution": " ",
  "problem_type_graph": [
    "Triangle"
  ],
  "problem_type_goal": [
    "Length"
  ],
  "source": "textbook1_chapter_8.pdf",
  "comment": "",
  "id": 250,
  "annot_id": "pan_2020-03-23_22_20_26",
  "is_standard": false,
  "compact_choices": [
    "3\\sqrt{21}",
    "3\\sqrt{29}",
    "17",
    "21"
  ],
  "precise_value": [
    13.74772708486752,
    16.15549442140351,
    17.0,
    21.0
  ],
  "rough_value": [
    13.75,
    16.16,
    17,
    21
  ],
  "compact_text": "Find x.",
  "annotat_text": "Find x.",
  "unit": "",
  "img_width": 397,
  "img_height": 205,
  "data_type": "train",
  "date": "Fri Sep 18 22:23:14 2020",
  "system": "linux"
}