{
  "text_logic_form": [
    "Find(x)"
  ],
  "dissolved_text_logic_form": [
    "Find(x)"
  ],
  "diagram_logic_form": [
    "Equals(LengthOf(Line(B, C)), 15)",
    "Equals(LengthOf(Line(A, C)), 6)",
    "Equals(LengthOf(Line(A, B)), x)",
    "Perpendicular(Line(B, C), Line(A, C))"
  ],
  "line_instances": [
    "AB",
    "AC",
    "BC"
  ],
  "circle_instances": [],
  "point_positions": {
    "A": [
      1.9989899917362948,
      127.29057631683654
    ],
    "B": [
      338.5947783191963,
      1.3211814955182604
    ],
    "C": [
      -1.4210854715202004e-14,
      7.105427357601002e-15
    ]
  }
}