{
  "problem_text": "In the figure, m \\angle 1 = 50 and m \\angle 3 = 60. Find the measure of \\angle 7.",
  "choices": [
    "110",
    "120",
    "130",
    "140"
  ],
  "answer": "A",
  "detailed_solution": " ",
  "problem_type_graph": [
    "Line"
  ],
  "problem_type_goal": [
    "Angle"
  ],
  "source": "Textbook 2_Chapter 3 - Parallel and Perpendicular Lines.pdf",
  "comment": "",
  "id": 1549,
  "annot_id": "pan_2020-03-17_02_40_23",
  "is_standard": false,
  "compact_choices": [
    "110",
    "120",
    "130",
    "140"
  ],
  "precise_value": [
    110.0,
    120.0,
    130.0,
    140.0
  ],
  "rough_value": [
    110,
    120,
    130,
    140
  ],
  "compact_text": "In the figure, m \\angle 1 = 50 and m \\angle 3 = 60. Find the measure of \\angle 7.",
  "annotat_text": "In the figure, $m\u22201 = 50$ and $m\u22203 = 60$. Find the measure of $\\angle 7$.",
  "unit": "",
  "img_width": 521,
  "img_height": 262,
  "data_type": "train",
  "date": "Fri Sep 18 22:23:14 2020",
  "system": "linux"
}