{
  "text_logic_form": [
    "Equals(MeasureOf(Angle(1)),50)",
    "Equals(MeasureOf(Angle(3)),60)",
    "Find(MeasureOf(Angle(7)))"
  ],
  "dissolved_text_logic_form": [
    "Equals(MeasureOf(Angle(1)),50)",
    "Equals(MeasureOf(Angle(3)),60)",
    "Find(MeasureOf(Angle(7)))"
  ],
  "diagram_logic_form": [
    "Equals(MeasureOf(Angle(M, J, B)), MeasureOf(angle 1))",
    "Equals(MeasureOf(Angle(E, P, C)), MeasureOf(angle 2))",
    "Equals(MeasureOf(Angle(A, G, K)), MeasureOf(angle 3))",
    "Equals(MeasureOf(Angle(P, O, R)), MeasureOf(angle 4))",
    "Equals(MeasureOf(Angle(P, R, O)), MeasureOf(angle 5))",
    "Equals(MeasureOf(Angle(O, P, R)), MeasureOf(angle 6))",
    "Equals(MeasureOf(Angle(L, N, Q)), MeasureOf(angle 7))",
    "Equals(MeasureOf(Angle(H, Q, D)), MeasureOf(angle 8))",
    "PointLiesOnLine(F, Line(A, B))",
    "PointLiesOnLine(G, Line(A, B))",
    "PointLiesOnLine(J, Line(A, B))",
    "PointLiesOnLine(G, Line(A, F))",
    "PointLiesOnLine(Q, Line(A, H))",
    "PointLiesOnLine(F, Line(A, J))",
    "PointLiesOnLine(G, Line(A, J))",
    "PointLiesOnLine(Q, Line(A, N))",
    "PointLiesOnLine(N, Line(A, H))",
    "PointLiesOnLine(Q, Line(A, H))",
    "PointLiesOnLine(J, Line(B, F))",
    "PointLiesOnLine(F, Line(B, G))",
    "PointLiesOnLine(J, Line(B, G))",
    "PointLiesOnLine(A, Line(B, T))",
    "PointLiesOnLine(F, Line(B, T))",
    "PointLiesOnLine(G, Line(B, T))",
    "PointLiesOnLine(J, Line(B, T))",
    "PointLiesOnLine(N, Line(F, L))",
    "PointLiesOnLine(O, Line(F, L))",
    "PointLiesOnLine(P, Line(F, L))",
    "PointLiesOnLine(O, Line(F, N))",
    "PointLiesOnLine(P, Line(F, N))",
    "PointLiesOnLine(O, Line(F, P))",
    "PointLiesOnLine(A, Line(F, T))",
    "PointLiesOnLine(G, Line(F, T))",
    "PointLiesOnLine(A, Line(U, H))",
    "PointLiesOnLine(A, Line(U, N))",
    "PointLiesOnLine(Q, Line(U, N))",
    "PointLiesOnLine(A, Line(U, Q))",
    "PointLiesOnLine(A, Line(U, H))",
    "PointLiesOnLine(N, Line(U, H))",
    "PointLiesOnLine(Q, Line(U, H))",
    "PointLiesOnLine(P, Line(G, C))",
    "PointLiesOnLine(R, Line(G, C))",
    "PointLiesOnLine(C, Line(G, I))",
    "PointLiesOnLine(P, Line(G, I))",
    "PointLiesOnLine(R, Line(G, I))",
    "PointLiesOnLine(F, Line(G, J))",
    "PointLiesOnLine(R, Line(G, P))",
    "PointLiesOnLine(A, Line(G, T))",
    "PointLiesOnLine(C, Line(H, J))",
    "PointLiesOnLine(S, Line(H, J))",
    "PointLiesOnLine(C, Line(H, M))",
    "PointLiesOnLine(J, Line(H, M))",
    "PointLiesOnLine(S, Line(H, M))",
    "PointLiesOnLine(C, Line(H, S))",
    "PointLiesOnLine(S, Line(J, C))",
    "PointLiesOnLine(A, Line(J, T))",
    "PointLiesOnLine(F, Line(J, T))",
    "PointLiesOnLine(G, Line(J, T))",
    "PointLiesOnLine(F, Line(N, E))",
    "PointLiesOnLine(O, Line(N, E))",
    "PointLiesOnLine(P, Line(N, E))",
    "PointLiesOnLine(P, Line(N, O))",
    "PointLiesOnLine(R, Line(Q, O))",
    "PointLiesOnLine(O, Line(Q, S))",
    "PointLiesOnLine(R, Line(Q, S))",
    "PointLiesOnLine(N, Line(Q, H))",
    "PointLiesOnLine(O, Line(Q, W))",
    "PointLiesOnLine(R, Line(Q, W))",
    "PointLiesOnLine(S, Line(Q, W))",
    "PointLiesOnLine(P, Line(R, C))",
    "PointLiesOnLine(Q, Line(R, D))",
    "PointLiesOnLine(C, Line(R, I))",
    "PointLiesOnLine(P, Line(R, I))",
    "PointLiesOnLine(G, Line(R, K))",
    "PointLiesOnLine(O, Line(R, S))",
    "PointLiesOnLine(O, Line(R, W))",
    "PointLiesOnLine(S, Line(R, W))",
    "PointLiesOnLine(O, Line(S, D))",
    "PointLiesOnLine(Q, Line(S, D))",
    "PointLiesOnLine(R, Line(S, D))",
    "PointLiesOnLine(J, Line(S, M))",
    "PointLiesOnLine(G, Line(C, K))",
    "PointLiesOnLine(P, Line(C, K))",
    "PointLiesOnLine(R, Line(C, K))",
    "PointLiesOnLine(J, Line(C, M))",
    "PointLiesOnLine(S, Line(C, M))",
    "PointLiesOnLine(C, Line(I, K))",
    "PointLiesOnLine(G, Line(I, K))",
    "PointLiesOnLine(P, Line(I, K))",
    "PointLiesOnLine(R, Line(I, K))",
    "PointLiesOnLine(C, Line(I, P))",
    "PointLiesOnLine(G, Line(K, P))",
    "PointLiesOnLine(R, Line(K, P))",
    "PointLiesOnLine(F, Line(P, E))",
    "PointLiesOnLine(O, Line(P, E))",
    "PointLiesOnLine(N, Line(P, L))",
    "PointLiesOnLine(Q, Line(D, O))",
    "PointLiesOnLine(R, Line(D, O))",
    "PointLiesOnLine(O, Line(D, W))",
    "PointLiesOnLine(Q, Line(D, W))",
    "PointLiesOnLine(R, Line(D, W))",
    "PointLiesOnLine(S, Line(D, W))",
    "PointLiesOnLine(F, Line(O, E))",
    "PointLiesOnLine(N, Line(O, L))",
    "PointLiesOnLine(P, Line(O, L))",
    "PointLiesOnLine(S, Line(O, W))",
    "PointLiesOnLine(F, Line(E, L))",
    "PointLiesOnLine(N, Line(E, L))",
    "PointLiesOnLine(O, Line(E, L))",
    "PointLiesOnLine(P, Line(E, L))",
    "Parallel(Line(A, H), Line(G, K))",
    "Parallel(Line(F, E), Line(J, M))",
    "Parallel(Line(W, D), Line(B, T))"
  ],
  "line_instances": [
    "AB",
    "AF",
    "AG",
    "AH",
    "AJ",
    "AN",
    "AQ",
    "AR",
    "AS",
    "AT",
    "AU",
    "BF",
    "BG",
    "BJ",
    "BT",
    "CI",
    "CK",
    "CM",
    "CP",
    "DO",
    "DW",
    "EL",
    "FE",
    "FG",
    "FJ",
    "FL",
    "FN",
    "FO",
    "FP",
    "FS",
    "FT",
    "GC",
    "GI",
    "GJ",
    "GK",
    "GP",
    "GQ",
    "GR",
    "GT",
    "HC",
    "HJ",
    "HM",
    "HN",
    "HP",
    "HQ",
    "HS",
    "IK",
    "IP",
    "JC",
    "JM",
    "JO",
    "JS",
    "JT",
    "KP",
    "NC",
    "NE",
    "NL",
    "NO",
    "NP",
    "NQ",
    "OE",
    "OL",
    "OW",
    "PE",
    "PL",
    "PO",
    "QD",
    "QO",
    "QR",
    "QS",
    "QW",
    "RC",
    "RD",
    "RI",
    "RK",
    "RO",
    "RP",
    "RS",
    "RW",
    "SC",
    "SD",
    "SM",
    "SO",
    "SW",
    "UH",
    "UN",
    "UQ"
  ],
  "point_positions": {
    "A": [
      324.0,
      147.0
    ],
    "B": [
      0.0,
      146.0
    ],
    "C": [
      183.0,
      39.0
    ],
    "D": [
      490.0,
      123.0
    ],
    "E": [
      66.0,
      226.0
    ],
    "F": [
      135.0,
      146.0
    ],
    "G": [
      279.0,
      147.0
    ],
    "H": [
      211.0,
      7.0
    ],
    "I": [
      151.0,
      2.0
    ],
    "J": [
      89.0,
      146.0
    ],
    "K": [
      347.0,
      224.0
    ],
    "L": [
      262.0,
      1.0
    ],
    "M": [
      20.0,
      226.0
    ],
    "N": [
      229.0,
      39.0
    ],
    "O": [
      156.0,
      123.0
    ],
    "P": [
      206.0,
      65.0
    ],
    "Q": [
      303.0,
      123.0
    ],
    "R": [
      258.0,
      123.0
    ],
    "S": [
      110.0,
      123.0
    ],
    "T": [
      490.0,
      147.0
    ],
    "U": [
      393.0,
      225.0
    ],
    "W": [
      0.0,
      123.0
    ]
  },
  "circle_instances": [
    ""
  ]
}