{
  "problem_text": "Find x.",
  "choices": [
    "3",
    "6",
    "13",
    "19"
  ],
  "answer": "C",
  "detailed_solution": " ",
  "problem_type_graph": [
    "Triangle"
  ],
  "problem_type_goal": [
    "Angle"
  ],
  "source": "textbook1_chapter_4.pdf",
  "comment": "",
  "id": 1956,
  "annot_id": "Shibiao_2020-03-21_14_58_07",
  "is_standard": false,
  "compact_choices": [
    "3",
    "6",
    "13",
    "19"
  ],
  "precise_value": [
    3.0,
    6.0,
    13.0,
    19.0
  ],
  "rough_value": [
    3,
    6,
    13,
    19
  ],
  "compact_text": "Find x.",
  "annotat_text": "Find $x$.",
  "unit": "",
  "img_width": 603,
  "img_height": 365,
  "data_type": "train",
  "date": "Fri Sep 18 22:23:14 2020",
  "system": "linux"
}