{
  "text_logic_form": [
    "Parallel(Line(P,R),Line(W,X))",
    "Equals(LengthOf(Line(W,X)),10)",
    "Equals(LengthOf(Line(X,Y)),6)",
    "Equals(LengthOf(Line(W,Y)),8)",
    "Equals(LengthOf(Line(R,Y)),5)",
    "Equals(LengthOf(Line(P,S)),3)",
    "Find(LengthOf(Line(S,Y)))"
  ],
  "dissolved_text_logic_form": [
    "Parallel(Line(P,R),Line(W,X))",
    "Equals(LengthOf(Line(W,X)),10)",
    "Equals(LengthOf(Line(X,Y)),6)",
    "Equals(LengthOf(Line(W,Y)),8)",
    "Equals(LengthOf(Line(R,Y)),5)",
    "Equals(LengthOf(Line(P,S)),3)",
    "Find(LengthOf(Line(S,Y)))"
  ],
  "diagram_logic_form": [
    "PointLiesOnLine(S, Line(P, Q))",
    "PointLiesOnLine(Y, Line(P, R))",
    "PointLiesOnLine(A, Line(Y, X))",
    "PointLiesOnLine(S, Line(Y, W))",
    "PointLiesOnLine(A, Line(Q, R))",
    "PointLiesOnLine(Q, Line(X, W))",
    "Perpendicular(Line(P, S), Line(Y, S))",
    "Perpendicular(Line(Y, S), Line(Y, A))",
    "Perpendicular(Line(Q, S), Line(Q, A))"
  ],
  "line_instances": [
    "PQ",
    "PR",
    "PS",
    "PY",
    "QA",
    "QR",
    "QS",
    "QW",
    "QX",
    "RA",
    "SW",
    "XA",
    "XW",
    "YA",
    "YR",
    "YS",
    "YW",
    "YX"
  ],
  "point_positions": {
    "A": [
      98.0,
      113.0
    ],
    "P": [
      245.0,
      3.0
    ],
    "Q": [
      247.0,
      114.0
    ],
    "R": [
      1.0,
      113.0
    ],
    "S": [
      245.0,
      70.0
    ],
    "W": [
      341.0,
      71.0
    ],
    "X": [
      96.0,
      183.0
    ],
    "Y": [
      99.0,
      69.0
    ]
  },
  "circle_instances": [
    ""
  ]
}