{
  "problem_text": "If P R \\parallel K L, K N = 9, L N = 16, P M = 2 K P, find K P.",
  "choices": [
    "5",
    "7",
    "8",
    "14"
  ],
  "answer": "A",
  "detailed_solution": " ",
  "problem_type_graph": [
    "Triangle"
  ],
  "problem_type_goal": [
    "Length"
  ],
  "source": "textbook2_chapter6.pdf page 24",
  "comment": "",
  "id": 1166,
  "annot_id": "Ran_2020-03-20_16_59_31",
  "is_standard": false,
  "compact_choices": [
    "5",
    "7",
    "8",
    "14"
  ],
  "precise_value": [
    5.0,
    7.0,
    8.0,
    14.0
  ],
  "rough_value": [
    5,
    7,
    8,
    14
  ],
  "compact_text": "If PR \\parallel KL, KN = 9, LN = 16, PM = 2 KP, find KP.",
  "annotat_text": "If PR || KL, KN = 9, LN = 16, PM = 2 KP, find KP",
  "unit": "",
  "img_width": 585,
  "img_height": 380,
  "data_type": "train",
  "date": "Fri Sep 18 22:23:14 2020",
  "system": "linux"
}