{
  "problem_text": "If b = 3, find c.",
  "choices": [
    "\\sqrt { 3 }",
    "\\sqrt { 5 }",
    "\\sqrt { 7 }",
    "2 \\sqrt { 3 }"
  ],
  "answer": "D",
  "detailed_solution": " ",
  "problem_type_graph": [
    "Triangle"
  ],
  "problem_type_goal": [
    "Length"
  ],
  "source": "textbook2_chapter7.pdf page 31",
  "comment": "",
  "id": 138,
  "annot_id": "Ran_2020-03-24_03_15_10",
  "is_standard": false,
  "compact_choices": [
    "\\sqrt{3}",
    "\\sqrt{5}",
    "\\sqrt{7}",
    "2\\sqrt{3}"
  ],
  "precise_value": [
    1.7320508075688772,
    2.23606797749979,
    2.6457513110645907,
    3.4641016151377544
  ],
  "rough_value": [
    1.73,
    2.24,
    2.65,
    3.46
  ],
  "compact_text": "If b = 3, find c.",
  "annotat_text": "If $b=3,$ find $c$",
  "unit": "",
  "img_width": 347,
  "img_height": 217,
  "data_type": "train",
  "date": "Fri Sep 18 22:23:14 2020",
  "system": "linux"
}