{
  "text_logic_form": [
    "Equals(b,3)",
    "Find(c)"
  ],
  "dissolved_text_logic_form": [
    "Equals(b,3)",
    "Find(c)"
  ],
  "diagram_logic_form": [
    "Equals(MeasureOf(Angle(A, B, C)), 60)",
    "Equals(LengthOf(Line(B, A)), LengthOf(c))",
    "Equals(LengthOf(Line(B, C)), LengthOf(a))",
    "Equals(MeasureOf(Angle(C, A, B)), 30)",
    "Equals(LengthOf(Line(A, C)), LengthOf(b))",
    "Perpendicular(Line(B, C), Line(A, C))"
  ],
  "line_instances": [
    "BA",
    "BC",
    "AC"
  ],
  "circle_instances": [],
  "point_positions": {
    "B": [
      1.9851485148514882,
      2.5643564356435604
    ],
    "A": [
      199.0,
      116.0
    ],
    "C": [
      0.035069169089780416,
      113.33403824125475
    ]
  }
}