{
  "problem_text": "Find the area of the shaded region. Round to the nearest tenth if necessary.",
  "choices": [
    "20.7",
    "45.7",
    "50",
    "70.7"
  ],
  "answer": "B",
  "detailed_solution": " ",
  "problem_type_graph": [
    "Rectangle",
    "Triangle"
  ],
  "problem_type_goal": [
    "Area"
  ],
  "source": "Textbook 2_Chapter 11 - Areas of Polygons and Circles.pdf",
  "comment": "not sure how to represent shaded area",
  "id": 1985,
  "annot_id": "pan_2020-03-21_20_42_01",
  "is_standard": false,
  "unit": "mm^2",
  "compact_choices": [
    "20.7",
    "45.7",
    "50",
    "70.7"
  ],
  "precise_value": [
    20.7,
    45.7,
    50.0,
    70.7
  ],
  "rough_value": [
    20.7,
    45.7,
    50,
    70.7
  ],
  "compact_text": "Find the area of the shaded region. Round to the nearest tenth if necessary.",
  "annotat_text": "Find the area of the shaded region. Round to the nearest tenth if necessary.",
  "img_width": 353,
  "img_height": 205,
  "data_type": "train",
  "date": "Fri Sep 18 22:23:14 2020",
  "system": "linux"
}