{
  "problem_text": "If c = 8, find a.",
  "choices": [
    "4",
    "4 \\sqrt { 3 }",
    "8",
    "8 \\sqrt { 3 }"
  ],
  "answer": "A",
  "detailed_solution": " ",
  "problem_type_graph": [
    "Triangle"
  ],
  "problem_type_goal": [
    "Length"
  ],
  "source": "textbook2_chapter7.pdf page 21",
  "comment": "",
  "id": 1154,
  "annot_id": "Ran_2020-03-22_04_19_54",
  "is_standard": false,
  "compact_choices": [
    "4",
    "4\\sqrt{3}",
    "8",
    "8\\sqrt{3}"
  ],
  "precise_value": [
    4.0,
    6.928203230275509,
    8.0,
    13.856406460551018
  ],
  "rough_value": [
    4,
    6.93,
    8,
    13.86
  ],
  "compact_text": "If c = 8, find a.",
  "annotat_text": "If $c=8,$ find $a$",
  "unit": "",
  "img_width": 339,
  "img_height": 195,
  "data_type": "train",
  "date": "Fri Sep 18 22:23:14 2020",
  "system": "linux"
}