{
  "problem_text": "Use parallelogram A B C D to find the measure of m \\angle A D C.",
  "choices": [
    "21",
    "65",
    "105",
    "115"
  ],
  "answer": "B",
  "detailed_solution": " ",
  "problem_type_graph": [
    "Parallelogram"
  ],
  "problem_type_goal": [
    "Angle"
  ],
  "source": "textbook1_chapter6.pdf page 61",
  "comment": "",
  "id": 180,
  "annot_id": "Ran_2020-03-19_06_27_18",
  "is_standard": false,
  "compact_choices": [
    "21",
    "65",
    "105",
    "115"
  ],
  "precise_value": [
    21.0,
    65.0,
    105.0,
    115.0
  ],
  "rough_value": [
    21,
    65,
    105,
    115
  ],
  "compact_text": "Use parallelogram ABCD to find the measure of m \\angle ADC.",
  "annotat_text": "Use parallelogram $ABCD$ to find the measure of $m\\angle ADC$",
  "unit": "",
  "img_width": 428,
  "img_height": 295,
  "data_type": "train",
  "date": "Fri Sep 18 22:23:14 2020",
  "system": "linux"
}