{
  "problem_text": "Find \\angle 10.",
  "choices": [
    "50",
    "80",
    "100",
    "160"
  ],
  "answer": "A",
  "detailed_solution": " ",
  "problem_type_graph": [
    "Circle"
  ],
  "problem_type_goal": [
    "Angle"
  ],
  "source": "textbook2_chapter10.pdf page 46",
  "comment": "give up",
  "id": 1047,
  "annot_id": "Ran_2020-03-29_04_41_03",
  "is_standard": false,
  "compact_choices": [
    "50",
    "80",
    "100",
    "160"
  ],
  "precise_value": [
    50.0,
    80.0,
    100.0,
    160.0
  ],
  "rough_value": [
    50,
    80,
    100,
    160
  ],
  "compact_text": "Find \\angle 10.",
  "annotat_text": "Find $\\angle 10$",
  "unit": "",
  "img_width": 264,
  "img_height": 182,
  "data_type": "train",
  "date": "Fri Sep 18 22:23:14 2020",
  "system": "linux"
}