{
  "problem_text": "Find the area of the quadrilateral.",
  "choices": [
    "130",
    "230",
    "260",
    "520"
  ],
  "answer": "C",
  "detailed_solution": " ",
  "problem_type_graph": [
    "Rhombus"
  ],
  "problem_type_goal": [
    "Area"
  ],
  "source": "Textbook 2_Chapter 11 - Areas of Polygons and Circles.pdf",
  "comment": "",
  "id": 1115,
  "annot_id": "pan_2020-03-22_06_25_51",
  "is_standard": false,
  "unit": "cm^2",
  "compact_choices": [
    "130",
    "230",
    "260",
    "520"
  ],
  "precise_value": [
    130.0,
    230.0,
    260.0,
    520.0
  ],
  "rough_value": [
    130,
    230,
    260,
    520
  ],
  "compact_text": "Find the area of the quadrilateral.",
  "annotat_text": "Find the area of the quadrilateral.",
  "img_width": 320,
  "img_height": 213,
  "data_type": "train",
  "date": "Fri Sep 18 22:23:14 2020",
  "system": "linux"
}