{
  "problem_text": "Find x.",
  "choices": [
    "4 \\sqrt { 15 }",
    "13 \\sqrt { 2 }",
    "13 \\sqrt { 3 }",
    "8 \\sqrt { 15 }"
  ],
  "answer": "B",
  "detailed_solution": " ",
  "problem_type_graph": [
    "Triangle"
  ],
  "problem_type_goal": [
    "Length"
  ],
  "source": "textbook1_chapter_8.pdf",
  "comment": "",
  "id": 2099,
  "annot_id": "pan_2020-03-23_22_21_46",
  "is_standard": false,
  "compact_choices": [
    "4\\sqrt{15}",
    "13\\sqrt{2}",
    "13\\sqrt{3}",
    "8\\sqrt{15}"
  ],
  "precise_value": [
    15.491933384829668,
    18.38477631085024,
    22.516660498395403,
    30.983866769659336
  ],
  "rough_value": [
    15.49,
    18.38,
    22.52,
    30.98
  ],
  "compact_text": "Find x.",
  "annotat_text": "Find x.",
  "unit": "",
  "img_width": 345,
  "img_height": 177,
  "data_type": "train",
  "date": "Fri Sep 18 22:23:14 2020",
  "system": "linux"
}