{
  "problem_text": "Find x.",
  "choices": [
    "120",
    "135",
    "145",
    "160"
  ],
  "answer": "B",
  "detailed_solution": " ",
  "problem_type_graph": [
    "Circle"
  ],
  "problem_type_goal": [
    "Angle"
  ],
  "source": "textbook1_chapter_10.pdf",
  "comment": "",
  "id": 36,
  "annot_id": "Shibiao_2020-03-27_12_25_14",
  "is_standard": true,
  "compact_choices": [
    "120",
    "135",
    "145",
    "160"
  ],
  "precise_value": [
    120.0,
    135.0,
    145.0,
    160.0
  ],
  "rough_value": [
    120,
    135,
    145,
    160
  ],
  "compact_text": "Find x.",
  "annotat_text": "Find $x$.",
  "unit": "",
  "img_width": 411,
  "img_height": 389,
  "data_type": "train",
  "date": "Fri Sep 18 22:23:14 2020",
  "system": "linux"
}