{
  "problem_text": "Find the value of x.",
  "choices": [
    "65",
    "90",
    "95",
    "110"
  ],
  "answer": "C",
  "detailed_solution": " ",
  "problem_type_graph": [
    "Circle"
  ],
  "problem_type_goal": [
    "Angle"
  ],
  "source": "textbook1_chapter_10.pdf",
  "comment": "",
  "id": 303,
  "annot_id": "pan_2020-03-28_00_29_46",
  "is_standard": false,
  "compact_choices": [
    "65",
    "90",
    "95",
    "110"
  ],
  "precise_value": [
    65.0,
    90.0,
    95.0,
    110.0
  ],
  "rough_value": [
    65,
    90,
    95,
    110
  ],
  "compact_text": "Find the value of x.",
  "annotat_text": "Find the value of x.",
  "unit": "",
  "img_width": 339,
  "img_height": 310,
  "data_type": "train",
  "date": "Fri Sep 18 22:23:14 2020",
  "system": "linux"
}