{
  "problem_text": "Find x.",
  "choices": [
    "9",
    "10",
    "11",
    "12"
  ],
  "answer": "D",
  "detailed_solution": " ",
  "problem_type_graph": [
    "Triangle"
  ],
  "problem_type_goal": [
    "Length"
  ],
  "source": "textbook1_chapter_8.pdf",
  "comment": "",
  "id": 2018,
  "annot_id": "pan_2020-03-23_22_31_40",
  "is_standard": false,
  "compact_choices": [
    "9",
    "10",
    "11",
    "12"
  ],
  "precise_value": [
    9.0,
    10.0,
    11.0,
    12.0
  ],
  "rough_value": [
    9,
    10,
    11,
    12
  ],
  "compact_text": "Find x.",
  "annotat_text": "Find x.",
  "unit": "",
  "img_width": 345,
  "img_height": 166,
  "data_type": "train",
  "date": "Fri Sep 18 22:23:14 2020",
  "system": "linux"
}