{
  "text_logic_form": [
    "Find(x)"
  ],
  "dissolved_text_logic_form": [
    "Find(x)"
  ],
  "diagram_logic_form": [
    "Equals(LengthOf(Line(A, B)), 13)",
    "Equals(LengthOf(Line(A, C)), 5)",
    "Equals(LengthOf(Line(B, C)), x)",
    "Perpendicular(Line(A, C), Line(B, C))"
  ],
  "line_instances": [
    "AB",
    "AC",
    "BC"
  ],
  "circle_instances": [],
  "point_positions": {
    "A": [
      -1.4210854715202004e-14,
      0.0
    ],
    "B": [
      286.0,
      108.0
    ],
    "C": [
      1.9725055863207928,
      106.01020110754882
    ]
  }
}