{
  "problem_text": "Find m \\angle 1.",
  "choices": [
    "31",
    "36",
    "67",
    "77"
  ],
  "answer": "C",
  "detailed_solution": " ",
  "problem_type_graph": [
    "Line"
  ],
  "problem_type_goal": [
    "Angle"
  ],
  "source": "Textbook 2_Chapter 3 - Parallel and Perpendicular Lines.pdf",
  "comment": "",
  "id": 559,
  "annot_id": "pan_2020-03-17_02_00_29",
  "is_standard": false,
  "compact_choices": [
    "31",
    "36",
    "67",
    "77"
  ],
  "precise_value": [
    31.0,
    36.0,
    67.0,
    77.0
  ],
  "rough_value": [
    31,
    36,
    67,
    77
  ],
  "compact_text": "Find m \\angle 1.",
  "annotat_text": "Find $m\u22201$.",
  "unit": "",
  "img_width": 403,
  "img_height": 188,
  "data_type": "train",
  "date": "Fri Sep 18 22:23:14 2020",
  "system": "linux"
}