{
  "text_logic_form": [
    "Find(MeasureOf(Angle(1)))"
  ],
  "dissolved_text_logic_form": [
    "Find(MeasureOf(Angle(1)))"
  ],
  "diagram_logic_form": [
    "Equals(MeasureOf(Angle(B, G, F)), 36)",
    "Equals(MeasureOf(Angle(G, B, I)), MeasureOf(Angle(1)))",
    "Equals(MeasureOf(Angle(D, I, F)), 31)",
    "PointLiesOnLine(G, Line(A, F))",
    "PointLiesOnLine(E, Line(A, K))",
    "PointLiesOnLine(A, Line(E, F))",
    "PointLiesOnLine(G, Line(E, F))",
    "PointLiesOnLine(A, Line(E, G))",
    "PointLiesOnLine(B, Line(F, I))",
    "PointLiesOnLine(A, Line(F, K))",
    "PointLiesOnLine(E, Line(F, K))",
    "PointLiesOnLine(G, Line(F, K))",
    "PointLiesOnLine(A, Line(G, K))",
    "PointLiesOnLine(E, Line(G, K))",
    "PointLiesOnLine(C, Line(I, H))",
    "PointLiesOnLine(J, Line(I, H))",
    "PointLiesOnLine(C, Line(I, J))",
    "PointLiesOnLine(I, Line(C, D))",
    "PointLiesOnLine(J, Line(C, H))",
    "PointLiesOnLine(C, Line(D, H))",
    "PointLiesOnLine(I, Line(D, H))",
    "PointLiesOnLine(J, Line(D, H))",
    "PointLiesOnLine(C, Line(D, J))",
    "PointLiesOnLine(I, Line(D, J))",
    "Parallel(Line(E,G), Line(D,J))"
  ],
  "line_instances": [
    "AE",
    "AF",
    "AG",
    "AK",
    "BI",
    "CD",
    "CH",
    "CJ",
    "DH",
    "DJ",
    "EF",
    "EG",
    "EK",
    "FG",
    "FI",
    "FK",
    "GB",
    "GK",
    "HJ",
    "IC",
    "ID",
    "IH",
    "IJ"
  ],
  "point_positions": {
    "A": [
      278.0,
      9.0
    ],
    "B": [
      117.0,
      75.0
    ],
    "C": [
      280.0,
      147.0
    ],
    "D": [
      0.0,
      146.0
    ],
    "E": [
      344.0,
      8.0
    ],
    "F": [
      0.0,
      8.0
    ],
    "G": [
      207.0,
      9.0
    ],
    "H": [
      364.0,
      147.0
    ],
    "I": [
      231.0,
      148.0
    ],
    "J": [
      312.0,
      147.0
    ],
    "K": [
      361.0,
      8.0
    ]
  },
  "circle_instances": [
    ""
  ]
}