{
  "problem_text": "H is the incenter of \\triangle A B C. Find m \\angle H A C.",
  "choices": [
    "25",
    "28",
    "30",
    "32"
  ],
  "answer": "D",
  "detailed_solution": " ",
  "problem_type_graph": [
    "Triangle"
  ],
  "problem_type_goal": [
    "Angle"
  ],
  "source": "textbook1_chapter_5.pdf",
  "comment": "",
  "id": 961,
  "annot_id": "Shibiao_2020-03-22_08_28_08",
  "is_standard": false,
  "compact_choices": [
    "25",
    "28",
    "30",
    "32"
  ],
  "precise_value": [
    25.0,
    28.0,
    30.0,
    32.0
  ],
  "rough_value": [
    25,
    28,
    30,
    32
  ],
  "compact_text": "H is the incenter of \\triangle ABC. Find m \\angle HAC.",
  "annotat_text": "$H$ is the incenter of $\\triangle ABC$. Find $m \\angle HAC$.",
  "unit": "",
  "img_width": 599,
  "img_height": 512,
  "data_type": "train",
  "date": "Fri Sep 18 22:23:14 2020",
  "system": "linux"
}