{
  "text_logic_form": [
    "IsIncenterOf(Point(H),Triangle(A,B,C))",
    "Find(MeasureOf(Angle(H,A,C)))"
  ],
  "dissolved_text_logic_form": [
    "IsIncenterOf(Point(H),Triangle(A,B,C))",
    "Find(MeasureOf(Angle(H,A,C)))"
  ],
  "diagram_logic_form": [
    "Equals(LengthOf(Line(A, F)), 24)",
    "Equals(LengthOf(Line(A, H)), 25)",
    "Equals(MeasureOf(Angle(H, C, G)), 28)",
    "Equals(LengthOf(Line(B, H)), 11)",
    "Equals(MeasureOf(Angle(A, B, H)), 30)",
    "PointLiesOnLine(F, Line(C, A))",
    "PointLiesOnLine(G, Line(C, B))",
    "PointLiesOnLine(D, Line(A, B))",
    "Perpendicular(Line(A, F), Line(F, H))",
    "Perpendicular(Line(H, D), Line(B, D))",
    "Perpendicular(Line(H, G), Line(B, G))"
  ],
  "line_instances": [
    "AB",
    "AD",
    "AF",
    "AG",
    "BD",
    "BF",
    "BG",
    "CA",
    "CB",
    "CD",
    "CF",
    "CG",
    "HA",
    "HB",
    "HC",
    "HD",
    "HF",
    "HG"
  ],
  "point_positions": {
    "A": [
      0.0,
      0.0
    ],
    "B": [
      174.0,
      372.0
    ],
    "C": [
      429.0,
      117.0
    ],
    "D": [
      105.0,
      226.0
    ],
    "F": [
      239.0,
      64.0
    ],
    "G": [
      290.0,
      256.0
    ],
    "H": [
      207.0,
      179.0
    ]
  },
  "circle_instances": [
    ""
  ]
}