{
  "text_logic_form": [
    "Find(LengthOf(Line(L,N)))"
  ],
  "dissolved_text_logic_form": [
    "Find(LengthOf(Line(L,N)))"
  ],
  "diagram_logic_form": [
    "Equals(LengthOf(Line(M, L)), 17)",
    "Equals(LengthOf(Line(N, M)), 2x+7)",
    "Equals(LengthOf(Line(N, L)), 3x-4)",
    "Equals(LengthOf(Line(L, N)), LengthOf(Line(N, M)))"
  ],
  "line_instances": [
    "ML",
    "NL",
    "NM"
  ],
  "point_positions": {
    "L": [
      2.0,
      238.0
    ],
    "M": [
      436.0,
      1.0
    ],
    "N": [
      267.0,
      238.0
    ]
  },
  "circle_instances": [
    ""
  ]
}