{
  "problem_text": "Find x. Round to the nearest tenth.",
  "choices": [
    "6.5",
    "9.9",
    "10.8",
    "13.3"
  ],
  "answer": "B",
  "detailed_solution": " ",
  "problem_type_graph": [
    "Triangle"
  ],
  "problem_type_goal": [
    "Length"
  ],
  "source": "textbook1_chapter_8.pdf",
  "comment": "",
  "id": 1929,
  "annot_id": "pan_2020-03-25_19_37_44",
  "is_standard": false,
  "compact_choices": [
    "6.5",
    "9.9",
    "10.8",
    "13.3"
  ],
  "precise_value": [
    6.5,
    9.9,
    10.8,
    13.3
  ],
  "rough_value": [
    6.5,
    9.9,
    10.8,
    13.3
  ],
  "compact_text": "Find x. Round to the nearest tenth.",
  "annotat_text": "Find x. Round to the nearest tenth.\r\n",
  "unit": "",
  "img_width": 328,
  "img_height": 205,
  "data_type": "train",
  "date": "Fri Sep 18 22:23:14 2020",
  "system": "linux"
}