{
  "text_logic_form": [
    "Find(x)"
  ],
  "dissolved_text_logic_form": [
    "Find(x)"
  ],
  "diagram_logic_form": [
    "Equals(LengthOf(Line(Q, A)), 8)",
    "Equals(MeasureOf(Angle(A, Q, S)), 37)",
    "Equals(MeasureOf(Angle(Q, S, A)), 54)",
    "Equals(LengthOf(Line(S, Q)), x)"
  ],
  "line_instances": [
    "SQ",
    "SA",
    "QA"
  ],
  "circle_instances": [],
  "point_positions": {
    "S": [
      248.66277848539698,
      120.99459229961343
    ],
    "Q": [
      1.5513792724475195,
      119.66842510165952
    ],
    "A": [
      161.0,
      0.0
    ]
  }
}