{
  "problem_text": "Find x. Round to the nearest tenth.",
  "choices": [
    "15.7",
    "18.9",
    "23.2",
    "33.8"
  ],
  "answer": "C",
  "detailed_solution": " ",
  "problem_type_graph": [
    "Triangle"
  ],
  "problem_type_goal": [
    "Length"
  ],
  "source": "textbook1_chapter_8.pdf",
  "comment": "",
  "id": 1531,
  "annot_id": "pan_2020-03-24_06_03_28",
  "is_standard": false,
  "compact_choices": [
    "15.7",
    "18.9",
    "23.2",
    "33.8"
  ],
  "precise_value": [
    15.7,
    18.9,
    23.2,
    33.8
  ],
  "rough_value": [
    15.7,
    18.9,
    23.2,
    33.8
  ],
  "compact_text": "Find x. Round to the nearest tenth.",
  "annotat_text": "Find x. Round to the nearest tenth.",
  "unit": "",
  "img_width": 323,
  "img_height": 254,
  "data_type": "train",
  "date": "Fri Sep 18 22:23:14 2020",
  "system": "linux"
}