{
  "problem_text": "Find x.",
  "choices": [
    "1.5",
    "4",
    "6",
    "9"
  ],
  "answer": "C",
  "detailed_solution": " ",
  "problem_type_graph": [
    "Triangle"
  ],
  "problem_type_goal": [
    "Length"
  ],
  "source": "textbook1_chapter_8.pdf",
  "comment": "",
  "id": 1289,
  "annot_id": "pan_2020-03-23_20_17_49",
  "is_standard": false,
  "compact_choices": [
    "1.5",
    "4",
    "6",
    "9"
  ],
  "precise_value": [
    1.5,
    4.0,
    6.0,
    9.0
  ],
  "rough_value": [
    1.5,
    4,
    6,
    9
  ],
  "compact_text": "Find x.",
  "annotat_text": "Find x.",
  "unit": "",
  "img_width": 409,
  "img_height": 236,
  "data_type": "train",
  "date": "Fri Sep 18 22:23:14 2020",
  "system": "linux"
}