{
  "problem_text": "Use parallelogram A B C D to find B C.",
  "choices": [
    "6",
    "9",
    "12",
    "18"
  ],
  "answer": "B",
  "detailed_solution": " ",
  "problem_type_graph": [
    "Parallelogram"
  ],
  "problem_type_goal": [
    "Length"
  ],
  "source": "textbook2_chapter8.pdf page 54",
  "comment": "",
  "id": 956,
  "annot_id": "Ran_2020-03-27_07_07_18",
  "is_standard": false,
  "compact_choices": [
    "6",
    "9",
    "12",
    "18"
  ],
  "precise_value": [
    6.0,
    9.0,
    12.0,
    18.0
  ],
  "rough_value": [
    6,
    9,
    12,
    18
  ],
  "compact_text": "Use parallelogram ABCD to find BC.",
  "annotat_text": "Use parallelogram ABCD to find BC",
  "unit": "",
  "img_width": 273,
  "img_height": 223,
  "data_type": "train",
  "date": "Fri Sep 18 22:23:14 2020",
  "system": "linux"
}