{
  "text_logic_form": [
    "Parallelogram(A,B,C,D)",
    "Find(LengthOf(Line(B,C)))"
  ],
  "dissolved_text_logic_form": [
    "Parallelogram(A,B,C,D)",
    "Find(LengthOf(Line(B,C)))"
  ],
  "diagram_logic_form": [
    "Equals(MeasureOf(Angle(F, A, D)), 20)",
    "Equals(LengthOf(Line(D, A)), 9)",
    "Equals(MeasureOf(Angle(F, A, B)), 32)",
    "Equals(LengthOf(Line(B, A)), 6)",
    "Equals(LengthOf(Line(D, C)), 6.86)",
    "Equals(MeasureOf(Angle(F, B, C)), 40.1)",
    "PointLiesOnLine(F, Line(D, B))",
    "PointLiesOnLine(F, Line(C, A))"
  ],
  "line_instances": [
    "AF",
    "BA",
    "BC",
    "BF",
    "CA",
    "CF",
    "DA",
    "DB",
    "DC",
    "DF"
  ],
  "point_positions": {
    "A": [
      127.0,
      1.0
    ],
    "B": [
      111.0,
      83.0
    ],
    "C": [
      0.0,
      147.0
    ],
    "D": [
      16.0,
      63.0
    ],
    "F": [
      65.0,
      72.0
    ]
  },
  "circle_instances": [
    ""
  ]
}