{
  "problem_text": "Find \\widehat D G if m \\angle D G I = 24 and r = 6.",
  "choices": [
    "6",
    "\\frac { 22 } { 5 } \\pi",
    "24",
    "24 \\pi"
  ],
  "answer": "B",
  "detailed_solution": " ",
  "problem_type_graph": [
    "Circle",
    "Triangle"
  ],
  "problem_type_goal": [
    "Length"
  ],
  "source": "textbook2_chapter10.pdf page 63",
  "comment": "",
  "id": 1758,
  "annot_id": "Ran_2020-03-29_05_37_17",
  "is_standard": false,
  "compact_choices": [
    "6",
    "\\frac{22}{5}\\pi",
    "24",
    "24\\pi"
  ],
  "precise_value": [
    6.0,
    13.823007675795091,
    24.0,
    75.39822368615503
  ],
  "rough_value": [
    6,
    13.82,
    24,
    75.4
  ],
  "compact_text": "Find \\widehat DG if m \\angle DGI = 24 and r = 6.",
  "annotat_text": "Find $\\widehat{D G}$ if $m \\angle D G I=24$ and $r=6$",
  "unit": "",
  "img_width": 308,
  "img_height": 191,
  "data_type": "train",
  "date": "Fri Sep 18 22:23:14 2020",
  "system": "linux"
}