{
  "problem_text": "Find the perimeter of the parallelogram. Round to the nearest tenth if necessary.",
  "choices": [
    "132",
    "147.5",
    "156",
    "174.4"
  ],
  "answer": "D",
  "detailed_solution": " ",
  "problem_type_graph": [
    "Parallelogram"
  ],
  "problem_type_goal": [
    "Length"
  ],
  "source": "textbook1_chapter_11.pdf",
  "comment": "",
  "id": 1623,
  "annot_id": "pan_2020-03-22_23_36_10",
  "is_standard": false,
  "unit": "m",
  "compact_choices": [
    "132",
    "147.5",
    "156",
    "174.4"
  ],
  "precise_value": [
    132.0,
    147.5,
    156.0,
    174.4
  ],
  "rough_value": [
    132,
    147.5,
    156,
    174.4
  ],
  "compact_text": "Find the perimeter of the parallelogram. Round to the nearest tenth if necessary.",
  "annotat_text": "Find the perimeter of the parallelogram. Round to the nearest tenth if necessary.",
  "img_width": 283,
  "img_height": 236,
  "data_type": "train",
  "date": "Fri Sep 18 22:23:14 2020",
  "system": "linux"
}