{
  "problem_text": "Find x if A C = x - 3, B E = 20, A B = 16, and C D = x + 5.",
  "choices": [
    "21",
    "35",
    "36",
    "46"
  ],
  "answer": "B",
  "detailed_solution": " ",
  "problem_type_graph": [
    "Triangle"
  ],
  "problem_type_goal": [
    "Length"
  ],
  "source": "textbook2_chapter6.pdf page 33",
  "comment": "",
  "id": 776,
  "annot_id": "Ran_2020-03-21_06_25_06",
  "is_standard": false,
  "compact_choices": [
    "21",
    "35",
    "36",
    "46"
  ],
  "precise_value": [
    21.0,
    35.0,
    36.0,
    46.0
  ],
  "rough_value": [
    21,
    35,
    36,
    46
  ],
  "compact_text": "Find x if AC = x-3, BE = 20, AB = 16, and CD = x+5.",
  "annotat_text": "Find $x$ if $AC=x-3$, $BE=20, AB=16,$ and $CD=x+5$",
  "unit": "",
  "img_width": 367,
  "img_height": 268,
  "data_type": "train",
  "date": "Fri Sep 18 22:23:14 2020",
  "system": "linux"
}