{
  "problem_text": "Find the variable of x to the nearest tenth. Assume that segments that appear to be tangent are tangent.",
  "choices": [
    "14.1",
    "14.6",
    "15.1",
    "15.6"
  ],
  "answer": "B",
  "detailed_solution": " ",
  "problem_type_graph": [
    "Circle"
  ],
  "problem_type_goal": [
    "Length"
  ],
  "source": "textbook1_chapter_10.pdf",
  "comment": "",
  "id": 1315,
  "annot_id": "pan_2020-03-27_21_20_39",
  "is_standard": false,
  "compact_choices": [
    "14.1",
    "14.6",
    "15.1",
    "15.6"
  ],
  "precise_value": [
    14.1,
    14.6,
    15.1,
    15.6
  ],
  "rough_value": [
    14.1,
    14.6,
    15.1,
    15.6
  ],
  "compact_text": "Find the variable of x to the nearest tenth. Assume that segments that appear to be tangent are tangent.",
  "annotat_text": "Find the variable of $x$ to the nearest tenth. Assume that segments that appear to be tangent are tangent.",
  "unit": "",
  "img_width": 326,
  "img_height": 267,
  "data_type": "train",
  "date": "Fri Sep 18 22:23:14 2020",
  "system": "linux"
}