{
  "problem_text": "H K and I G are diameters of \\odot L. Find m \\widehat H G K.",
  "choices": [
    "121",
    "160",
    "180",
    "200"
  ],
  "answer": "C",
  "detailed_solution": " ",
  "problem_type_graph": [
    "Circle"
  ],
  "problem_type_goal": [
    "Angle"
  ],
  "source": "textbook1_chapter_10.pdf",
  "comment": "",
  "id": 2090,
  "annot_id": "Shibiao_2020-03-27_12_03_01",
  "is_standard": false,
  "compact_choices": [
    "121",
    "160",
    "180",
    "200"
  ],
  "precise_value": [
    121.0,
    160.0,
    180.0,
    200.0
  ],
  "rough_value": [
    121,
    160,
    180,
    200
  ],
  "compact_text": "HK and IG are diameters of \\odot L. Find m \\widehat HGK.",
  "annotat_text": "$\\overline{HK}$ and $\\overline{IG}$ are diameters of $\\odot L$. Find $m \\widehat {HGK}$.",
  "unit": "",
  "img_width": 510,
  "img_height": 492,
  "data_type": "train",
  "date": "Fri Sep 18 22:23:14 2020",
  "system": "linux"
}