{
  "problem_text": "If L K = 4, M P = 3, P Q = 6, K J = 2, R S = 6, and L P = 2, find Q R.",
  "choices": [
    "2",
    "3",
    "4",
    "6"
  ],
  "answer": "B",
  "detailed_solution": " ",
  "problem_type_graph": [
    "Line",
    "Triangle"
  ],
  "problem_type_goal": [
    "Length"
  ],
  "source": "textbook1_chapter_7.pdf",
  "comment": "",
  "id": 1062,
  "annot_id": "Shibiao_2020-03-22_12_01_43",
  "is_standard": false,
  "compact_choices": [
    "2",
    "3",
    "4",
    "6"
  ],
  "precise_value": [
    2.0,
    3.0,
    4.0,
    6.0
  ],
  "rough_value": [
    2,
    3,
    4,
    6
  ],
  "compact_text": "If LK = 4, MP = 3, PQ = 6, KJ = 2, RS = 6, and LP = 2, find QR.",
  "annotat_text": "If $LK=4,MP=3,PQ=6,KJ=2,RS=6$, and $LP=2$, find $QR$.",
  "unit": "",
  "img_width": 795,
  "img_height": 393,
  "data_type": "train",
  "date": "Fri Sep 18 22:23:14 2020",
  "system": "linux"
}