{
  "text_logic_form": [
    "Equals(LengthOf(Line(L,K)),4)",
    "Equals(LengthOf(Line(M,P)),3)",
    "Equals(LengthOf(Line(P,Q)),6)",
    "Equals(LengthOf(Line(K,J)),2)",
    "Equals(LengthOf(Line(R,S)),6)",
    "Equals(LengthOf(Line(L,P)),2)",
    "Find(LengthOf(Line(Q,R)))"
  ],
  "dissolved_text_logic_form": [
    "Equals(LengthOf(Line(L,K)),4)",
    "Equals(LengthOf(Line(M,P)),3)",
    "Equals(LengthOf(Line(P,Q)),6)",
    "Equals(LengthOf(Line(K,J)),2)",
    "Equals(LengthOf(Line(R,S)),6)",
    "Equals(LengthOf(Line(L,P)),2)",
    "Find(LengthOf(Line(Q,R)))"
  ],
  "diagram_logic_form": [
    "PointLiesOnLine(K, Line(H, M))",
    "PointLiesOnLine(K, Line(M, J))",
    "PointLiesOnLine(K, Line(H, L))",
    "PointLiesOnLine(K, Line(L, J))",
    "PointLiesOnLine(J, Line(H, M))",
    "PointLiesOnLine(J, Line(H, K))",
    "PointLiesOnLine(J, Line(H, L))",
    "PointLiesOnLine(L, Line(H, M))",
    "PointLiesOnLine(L, Line(M, K))",
    "PointLiesOnLine(L, Line(M, J))",
    "PointLiesOnLine(Q, Line(M, S))",
    "PointLiesOnLine(Q, Line(M, R))",
    "PointLiesOnLine(Q, Line(P, S))",
    "PointLiesOnLine(Q, Line(P, R))",
    "PointLiesOnLine(R, Line(M, S))",
    "PointLiesOnLine(R, Line(S, Q))",
    "PointLiesOnLine(R, Line(S, P))",
    "PointLiesOnLine(P, Line(M, S))",
    "PointLiesOnLine(P, Line(M, Q))",
    "PointLiesOnLine(P, Line(M, R))",
    "Parallel(Line(J, R), Line(H, S))",
    "Parallel(Line(H, S), Line(K, Q))",
    "Parallel(Line(L, P), Line(K, Q))"
  ],
  "line_instances": [
    "HJ",
    "HK",
    "HM",
    "HS",
    "JR",
    "KJ",
    "KQ",
    "LH",
    "LJ",
    "LK",
    "LM",
    "MJ",
    "MK",
    "MQ",
    "MR",
    "MS",
    "PM",
    "PQ",
    "PR",
    "PS",
    "QR",
    "SQ",
    "SR"
  ],
  "point_positions": {
    "H": [
      133.0,
      0.0
    ],
    "J": [
      255.0,
      55.0
    ],
    "K": [
      359.0,
      103.0
    ],
    "L": [
      485.0,
      165.0
    ],
    "M": [
      629.0,
      227.0
    ],
    "P": [
      463.0,
      227.0
    ],
    "Q": [
      298.0,
      227.0
    ],
    "R": [
      170.0,
      227.0
    ],
    "S": [
      1.0,
      226.0
    ]
  },
  "circle_instances": [
    ""
  ]
}