{
  "problem_text": "Find the perimeter of the figure in feet. Round to the nearest tenth, if necessary.",
  "choices": [
    "20.5",
    "21",
    "22.4",
    "24"
  ],
  "answer": "A",
  "detailed_solution": " ",
  "problem_type_graph": [
    "Other"
  ],
  "problem_type_goal": [
    "Length"
  ],
  "source": "textbook1_chapter_11.pdf",
  "comment": "",
  "id": 1701,
  "annot_id": "pan_2020-03-23_02_40_13",
  "is_standard": false,
  "unit": "m",
  "compact_choices": [
    "20.5",
    "21",
    "22.4",
    "24"
  ],
  "precise_value": [
    20.5,
    21.0,
    22.4,
    24.0
  ],
  "rough_value": [
    20.5,
    21,
    22.4,
    24
  ],
  "compact_text": "Find the perimeter of the figure in feet. Round to the nearest tenth, if necessary.",
  "annotat_text": "Find the perimeter of the figure in feet. Round to the nearest tenth, if necessary.",
  "img_width": 323,
  "img_height": 190,
  "data_type": "train",
  "date": "Fri Sep 18 22:23:14 2020",
  "system": "linux"
}