{
  "problem_text": "Find F H.",
  "choices": [
    "8",
    "10",
    "12",
    "60"
  ],
  "answer": "C",
  "detailed_solution": " ",
  "problem_type_graph": [
    "Triangle"
  ],
  "problem_type_goal": [
    "Length"
  ],
  "source": "textbook1_chapter_4.pdf",
  "comment": "",
  "id": 1474,
  "annot_id": "Shibiao_2020-03-21_14_49_20",
  "is_standard": false,
  "compact_choices": [
    "8",
    "10",
    "12",
    "60"
  ],
  "precise_value": [
    8.0,
    10.0,
    12.0,
    60.0
  ],
  "rough_value": [
    8,
    10,
    12,
    60
  ],
  "compact_text": "Find FH.",
  "annotat_text": "Find $FH$.",
  "unit": "",
  "img_width": 465,
  "img_height": 404,
  "data_type": "train",
  "date": "Fri Sep 18 22:23:14 2020",
  "system": "linux"
}