{
  "problem_text": "Find x to the nearest hundredth.",
  "choices": [
    "7.61",
    "8.39",
    "16.31",
    "18.00"
  ],
  "answer": "B",
  "detailed_solution": " ",
  "problem_type_graph": [
    "Triangle"
  ],
  "problem_type_goal": [
    "Length"
  ],
  "source": "textbook1_chapter_8.pdf",
  "comment": "",
  "id": 430,
  "annot_id": "pan_2020-03-24_05_41_17",
  "is_standard": false,
  "compact_choices": [
    "7.61",
    "8.39",
    "16.31",
    "18.00"
  ],
  "precise_value": [
    7.61,
    8.39,
    16.31,
    18.0
  ],
  "rough_value": [
    7.61,
    8.39,
    16.31,
    18
  ],
  "compact_text": "Find x to the nearest hundredth.",
  "annotat_text": "Find x to the nearest hundredth.",
  "unit": "",
  "img_width": 352,
  "img_height": 149,
  "data_type": "train",
  "date": "Fri Sep 18 22:23:14 2020",
  "system": "linux"
}