{
  "problem_text": "Use the Pythagorean Theorem to find the length of the hypotenuse of the right triangle.",
  "choices": [
    "3",
    "4",
    "5",
    "\\sqrt { 34 }"
  ],
  "answer": "D",
  "detailed_solution": " ",
  "problem_type_graph": [
    "Triangle"
  ],
  "problem_type_goal": [
    "Length"
  ],
  "source": "textbook2_chapter7.pdf page 9",
  "comment": "",
  "id": 281,
  "annot_id": "Ran_2020-03-22_03_58_36",
  "is_standard": false,
  "compact_choices": [
    "3",
    "4",
    "5",
    "\\sqrt{34}"
  ],
  "precise_value": [
    3.0,
    4.0,
    5.0,
    5.830951894845301
  ],
  "rough_value": [
    3,
    4,
    5,
    5.83
  ],
  "compact_text": "Use the Pythagorean Theorem to find the length of the hypotenuse of the right triangle.",
  "annotat_text": "Use the Pythagorean Theorem to find the length of the hypotenuse of each right triangle.",
  "unit": "",
  "img_width": 219,
  "img_height": 186,
  "data_type": "train",
  "date": "Fri Sep 18 22:23:14 2020",
  "system": "linux"
}