{
  "problem_text": "Find the perimeter of the \\triangle D E F, if \\triangle D E F \\sim \\triangle C B F, perimeter of \\triangle C B F = 27, D F = 6, F C = 8.",
  "choices": [
    "16",
    "17.25",
    "20.25",
    "27"
  ],
  "answer": "C",
  "detailed_solution": " ",
  "problem_type_graph": [
    "Triangle"
  ],
  "problem_type_goal": [
    "Length"
  ],
  "source": "textbook1_chapter_7.pdf",
  "comment": "hard",
  "id": 1512,
  "annot_id": "Shibiao_2020-03-22_09_42_30",
  "is_standard": false,
  "compact_choices": [
    "16",
    "17.25",
    "20.25",
    "27"
  ],
  "precise_value": [
    16.0,
    17.25,
    20.25,
    27.0
  ],
  "rough_value": [
    16,
    17.25,
    20.25,
    27
  ],
  "compact_text": "Find the perimeter of the \\triangle DEF, if \\triangle DEF \\sim \\triangle CBF, perimeter of \\triangle CBF = 27, DF = 6, FC = 8.",
  "annotat_text": "Find the perimeter of the $\\triangle DEF$, if $\\triangle DEF \\sim \\triangle CBF$, perimeter of $\\triangle CBF=27, DF=6, FC=8$.",
  "unit": "",
  "img_width": 594,
  "img_height": 369,
  "data_type": "train",
  "date": "Fri Sep 18 22:23:14 2020",
  "system": "linux"
}