{
  "problem_text": "J H is tangent to \\odot G at J. Find the value of x.",
  "choices": [
    "3",
    "5",
    "8",
    "12"
  ],
  "answer": "B",
  "detailed_solution": " ",
  "problem_type_graph": [
    "Circle",
    "Triangle"
  ],
  "problem_type_goal": [
    "Length"
  ],
  "source": "textbook1_chapter_10.pdf",
  "comment": "",
  "id": 1745,
  "annot_id": "Shibiao_2020-03-28_11_06_33",
  "is_standard": false,
  "compact_choices": [
    "3",
    "5",
    "8",
    "12"
  ],
  "precise_value": [
    3.0,
    5.0,
    8.0,
    12.0
  ],
  "rough_value": [
    3,
    5,
    8,
    12
  ],
  "compact_text": "JH is tangent to \\odot G at J. Find the value of x.",
  "annotat_text": "$\\overline{JH}$ is tangent to $\\odot G$ at $J$. Find the value of $x$.",
  "unit": "",
  "img_width": 667,
  "img_height": 464,
  "data_type": "train",
  "date": "Fri Sep 18 22:23:14 2020",
  "system": "linux"
}