{
  "problem_text": "Find y.",
  "choices": [
    "\\sqrt { 2 }",
    "2",
    "4",
    "3 \\sqrt { 2 }"
  ],
  "answer": "D",
  "detailed_solution": " ",
  "problem_type_graph": [
    "Triangle"
  ],
  "problem_type_goal": [
    "Length"
  ],
  "source": "textbook2_chapter7.pdf page 24",
  "comment": "",
  "id": 1369,
  "annot_id": "Ran_2020-03-22_05_55_21",
  "is_standard": false,
  "compact_choices": [
    "\\sqrt{2}",
    "2",
    "4",
    "3\\sqrt{2}"
  ],
  "precise_value": [
    1.4142135623730951,
    2.0,
    4.0,
    4.242640687119286
  ],
  "rough_value": [
    1.41,
    2,
    4,
    4.24
  ],
  "compact_text": "Find y.",
  "annotat_text": "Find y",
  "unit": "",
  "img_width": 179,
  "img_height": 165,
  "data_type": "train",
  "date": "Fri Sep 18 22:23:14 2020",
  "system": "linux"
}