{
  "text_logic_form": [
    "Find(y)"
  ],
  "dissolved_text_logic_form": [
    "Find(y)"
  ],
  "diagram_logic_form": [
    "Equals(LengthOf(Line(A, B)), y)",
    "Equals(LengthOf(Line(B, C)), 3)",
    "Equals(MeasureOf(Angle(C, A, B)), 45)",
    "Equals(LengthOf(Line(A, C)), x)",
    "Perpendicular(Line(B, C), Line(A, C))"
  ],
  "line_instances": [
    "AB",
    "AC",
    "BC"
  ],
  "point_positions": {
    "A": [
      119.0,
      121.0
    ],
    "B": [
      0.0,
      0.0
    ],
    "C": [
      2.0,
      120.0
    ]
  },
  "circle_instances": [
    ""
  ]
}