{
  "problem_text": "Find h in the triangle.",
  "choices": [
    "3 \\sqrt 2",
    "3 \\sqrt 3",
    "6",
    "6 \\sqrt 2"
  ],
  "answer": "A",
  "detailed_solution": " ",
  "problem_type_graph": [
    "Triangle"
  ],
  "problem_type_goal": [
    "Length"
  ],
  "source": "textbook1_chapter_11.pdf",
  "comment": "",
  "id": 365,
  "annot_id": "pan_2020-03-22_20_33_54",
  "is_standard": false,
  "unit": "cm",
  "compact_choices": [
    "3\\sqrt2",
    "3\\sqrt3",
    "6",
    "6\\sqrt2"
  ],
  "precise_value": [
    4.242640687119286,
    5.196152422706632,
    6.0,
    8.485281374238571
  ],
  "rough_value": [
    4.24,
    5.2,
    6,
    8.49
  ],
  "compact_text": "Find h in the triangle.",
  "annotat_text": "Find $h$ in the triangle.",
  "img_width": 279,
  "img_height": 185,
  "data_type": "train",
  "date": "Fri Sep 18 22:23:14 2020",
  "system": "linux"
}