{
  "problem_text": "Find the perimeter of \\triangle D E F if \\triangle D E F \\sim \\triangle A B C.",
  "choices": [
    "15",
    "16",
    "24",
    "30"
  ],
  "answer": "C",
  "detailed_solution": " ",
  "problem_type_graph": [
    "Triangle"
  ],
  "problem_type_goal": [
    "Length"
  ],
  "source": "textbook2_chapter6.pdf page 57",
  "comment": "",
  "id": 1603,
  "annot_id": "Ran_2020-03-21_08_10_00",
  "is_standard": false,
  "compact_choices": [
    "15",
    "16",
    "24",
    "30"
  ],
  "precise_value": [
    15.0,
    16.0,
    24.0,
    30.0
  ],
  "rough_value": [
    15,
    16,
    24,
    30
  ],
  "compact_text": "Find the perimeter of \\triangle DEF if \\triangle DEF \\sim \\triangle ABC.",
  "annotat_text": "Find the perimeter of $\\triangle D E F$ if $\\triangle D E F \\sim \\triangle A B C$",
  "unit": "",
  "img_width": 516,
  "img_height": 228,
  "data_type": "train",
  "date": "Fri Sep 18 22:23:14 2020",
  "system": "linux"
}