{
  "problem_text": "If T R = 8, L R = 3, and R W = 6, find W S.",
  "choices": [
    "7",
    "10",
    "11",
    "12"
  ],
  "answer": "B",
  "detailed_solution": " ",
  "problem_type_graph": [
    "Triangle"
  ],
  "problem_type_goal": [
    "Length"
  ],
  "source": "textbook2_chapter6.pdf page 32",
  "comment": "",
  "id": 245,
  "annot_id": "Ran_2020-03-21_06_13_56",
  "is_standard": false,
  "compact_choices": [
    "7",
    "10",
    "11",
    "12"
  ],
  "precise_value": [
    7.0,
    10.0,
    11.0,
    12.0
  ],
  "rough_value": [
    7,
    10,
    11,
    12
  ],
  "compact_text": "If TR = 8, LR = 3, and RW = 6, find WS.",
  "annotat_text": "If TR = 8, LR = 3, and RW = 6, find WS.",
  "unit": "",
  "img_width": 404,
  "img_height": 199,
  "data_type": "train",
  "date": "Fri Sep 18 22:23:14 2020",
  "system": "linux"
}