{
  "problem_text": "For the pair of similar figures, use the given areas to find the scale factor of the blue to the green figure.",
  "choices": [
    "\\frac { 4 } { 25 }",
    "\\frac { 2 } { 5 }",
    "\\frac { 5 } { 2 }",
    "\\frac { 25 } { 4 }"
  ],
  "answer": "C",
  "detailed_solution": " ",
  "problem_type_graph": [
    "Other"
  ],
  "problem_type_goal": [
    "Ratio"
  ],
  "source": "textbook1_chapter_11.pdf",
  "comment": "",
  "id": 740,
  "annot_id": "pan_2020-03-23_07_20_57",
  "is_standard": false,
  "compact_choices": [
    "\\frac{4}{25}",
    "\\frac{2}{5}",
    "\\frac{5}{2}",
    "\\frac{25}{4}"
  ],
  "precise_value": [
    0.16,
    0.4,
    2.5,
    6.25
  ],
  "rough_value": [
    0.16,
    0.4,
    2.5,
    6.25
  ],
  "compact_text": "For the pair of similar figures, use the given areas to find the scale factor of the blue to the green figure.",
  "annotat_text": "For the pair of similar figures, use the given areas to find the scale factor of the blue to the green figure.",
  "unit": "",
  "img_width": 423,
  "img_height": 264,
  "data_type": "train",
  "date": "Fri Sep 18 22:23:14 2020",
  "system": "linux"
}