{
  "text_logic_form": [
    "Similar(Shape($1),Shape($2))",
    "Find(ScaleFactorOf(Blue(Shape($)),Green(Shape($))))"
  ],
  "dissolved_text_logic_form": [
    "Similar(Kite(A,C,B,D),Kite(E,F,G,H))",
    "Find(ScaleFactorOf(Blue(Kite(A,C,B,D)),Green(Kite(E,F,G,H))))"
  ],
  "diagram_logic_form": [
    "Equals(LengthOf(Line(C, B)), 40)",
    "Equals(LengthOf(Line(F, G)), x)",
    "Equals(AreaOf(Kite(A, C, B, D)), 400)",
    "Equals(AreaOf(Kite(E, F, G, H)), 64)"
  ],
  "line_instances": [
    "AC",
    "AD",
    "CB",
    "DB",
    "EH",
    "HG",
    "EF",
    "FG"
  ],
  "point_positions": {
    "A": [
      43.0,
      1.0
    ],
    "B": [
      42.0,
      219.0
    ],
    "C": [
      85.0,
      83.0
    ],
    "D": [
      1.0,
      85.0
    ]
  },
  "circle_instances": [
    ""
  ]
}