{
  "problem_text": "Find x.",
  "choices": [
    "3 \\sqrt { 5 }",
    "4 \\sqrt { 5 }",
    "5 \\sqrt { 5 }",
    "6 \\sqrt { 5 }"
  ],
  "answer": "A",
  "detailed_solution": " ",
  "problem_type_graph": [
    "Triangle"
  ],
  "problem_type_goal": [
    "Length"
  ],
  "source": "textbook2_chapter7.pdf page 58",
  "comment": "",
  "id": 1408,
  "annot_id": "Ran_2020-03-24_04_32_37",
  "is_standard": false,
  "compact_choices": [
    "3\\sqrt{5}",
    "4\\sqrt{5}",
    "5\\sqrt{5}",
    "6\\sqrt{5}"
  ],
  "precise_value": [
    6.708203932499369,
    8.94427190999916,
    11.180339887498949,
    13.416407864998739
  ],
  "rough_value": [
    6.71,
    8.94,
    11.18,
    13.42
  ],
  "compact_text": "Find x.",
  "annotat_text": "Find x. ",
  "unit": "",
  "img_width": 229,
  "img_height": 159,
  "data_type": "train",
  "date": "Fri Sep 18 22:23:14 2020",
  "system": "linux"
}