{
  "problem_text": "Quadrilateral A B C D is shown. A C is 40 and B D is \\frac { 3 } { 5 } A C. B D bisects A C. For what value of x is A B C D a parallelogram.",
  "choices": [
    "0.6",
    "2.4",
    "4",
    "40"
  ],
  "answer": "C",
  "detailed_solution": " ",
  "problem_type_graph": [
    "Parallelogram"
  ],
  "problem_type_goal": [
    "Length"
  ],
  "source": "textbook1_chapter6.pdf page 32",
  "comment": "",
  "id": 1335,
  "annot_id": "Ran_2020-03-18_23_25_06",
  "is_standard": false,
  "compact_choices": [
    "0.6",
    "2.4",
    "4",
    "40"
  ],
  "precise_value": [
    0.6,
    2.4,
    4.0,
    40.0
  ],
  "rough_value": [
    0.6,
    2.4,
    4,
    40
  ],
  "compact_text": "Quadrilateral ABCD is shown. AC is 40 and BD is \\frac{3}{5} AC. BD bisects AC. For what value of x is ABCD a parallelogram.",
  "annotat_text": "Quadrilateral ABCD is shown. AC is 40 and BD is $\\frac{3}{5}$ AC . BD bisects AC. For what value of $x$ is ABCD a parallelogram.",
  "unit": "",
  "img_width": 595,
  "img_height": 253,
  "data_type": "train",
  "date": "Fri Sep 18 22:23:14 2020",
  "system": "linux"
}