{
  "problem_text": "Each pair of polygons is similar. Find y.",
  "choices": [
    "30",
    "60",
    "87",
    "98"
  ],
  "answer": "A",
  "detailed_solution": " ",
  "problem_type_graph": [
    "Other"
  ],
  "problem_type_goal": [
    "Length",
    "Other"
  ],
  "source": "textbook2_chapter6.pdf page 16",
  "comment": "",
  "id": 298,
  "annot_id": "Ran_2020-03-20_05_25_36",
  "is_standard": false,
  "compact_choices": [
    "30",
    "60",
    "87",
    "98"
  ],
  "precise_value": [
    30.0,
    60.0,
    87.0,
    98.0
  ],
  "rough_value": [
    30,
    60,
    87,
    98
  ],
  "compact_text": "Each pair of polygons is similar. Find y.",
  "annotat_text": "Each pair of polygons is similar. Find y.",
  "unit": "",
  "img_width": 809,
  "img_height": 316,
  "data_type": "train",
  "date": "Fri Sep 18 22:23:14 2020",
  "system": "linux"
}