{
  "problem_text": "Find x.",
  "choices": [
    "168",
    "170",
    "172",
    "174"
  ],
  "answer": "B",
  "detailed_solution": " ",
  "problem_type_graph": [
    "Circle"
  ],
  "problem_type_goal": [
    "Angle"
  ],
  "source": "textbook1_chapter_10.pdf",
  "comment": "",
  "id": 479,
  "annot_id": "Shibiao_2020-03-27_13_32_26",
  "is_standard": false,
  "compact_choices": [
    "168",
    "170",
    "172",
    "174"
  ],
  "precise_value": [
    168.0,
    170.0,
    172.0,
    174.0
  ],
  "rough_value": [
    168,
    170,
    172,
    174
  ],
  "compact_text": "Find x.",
  "annotat_text": "Find $x$.",
  "unit": "",
  "img_width": 404,
  "img_height": 339,
  "data_type": "train",
  "date": "Fri Sep 18 22:23:14 2020",
  "system": "linux"
}