{
  "problem_text": "Find the area of the circle. Round to the nearest tenth.",
  "choices": [
    "18.8",
    "37.7",
    "113.1",
    "452.4"
  ],
  "answer": "C",
  "detailed_solution": " ",
  "problem_type_graph": [
    "Circle"
  ],
  "problem_type_goal": [
    "Area"
  ],
  "source": "textbook1_chapter_11.pdf",
  "comment": "",
  "id": 1517,
  "annot_id": "pan_2020-03-23_08_52_32",
  "is_standard": false,
  "unit": "cm^2",
  "compact_choices": [
    "18.8",
    "37.7",
    "113.1",
    "452.4"
  ],
  "precise_value": [
    18.8,
    37.7,
    113.1,
    452.4
  ],
  "rough_value": [
    18.8,
    37.7,
    113.1,
    452.4
  ],
  "compact_text": "Find the area of the circle. Round to the nearest tenth.",
  "annotat_text": "Find the area of the circle. Round to the nearest tenth.",
  "img_width": 192,
  "img_height": 189,
  "data_type": "train",
  "date": "Fri Sep 18 22:23:14 2020",
  "system": "linux"
}