{
  "problem_text": "Find h in the triangle.",
  "choices": [
    "\\frac { 15 \\sqrt 2 } { 3 }",
    "\\frac { 15 } { 2 }",
    "\\frac { 15 \\sqrt 2 } { 2 }",
    "15"
  ],
  "answer": "C",
  "detailed_solution": " ",
  "problem_type_graph": [
    "Triangle"
  ],
  "problem_type_goal": [
    "Length"
  ],
  "source": "Textbook 2_Chapter 11 - Areas of Polygons and Circles.pdf",
  "comment": "",
  "id": 169,
  "annot_id": "pan_2020-03-21_19_52_59",
  "is_standard": false,
  "compact_choices": [
    "\\frac{15\\sqrt2}{3}",
    "\\frac{15}{2}",
    "\\frac{15\\sqrt2}{2}",
    "15"
  ],
  "precise_value": [
    7.0710678118654755,
    7.5,
    10.606601717798213,
    15.0
  ],
  "rough_value": [
    7.07,
    7.5,
    10.61,
    15
  ],
  "compact_text": "Find h in the triangle.",
  "annotat_text": "Find $h$ in each triangle.",
  "unit": "",
  "img_width": 282,
  "img_height": 194,
  "data_type": "train",
  "date": "Fri Sep 18 22:23:14 2020",
  "system": "linux"
}