{
  "text_logic_form": [
    "Triangle($)",
    "Find(h)"
  ],
  "dissolved_text_logic_form": [
    "Triangle(A,B,C)",
    "Find(h)"
  ],
  "diagram_logic_form": [
    "Equals(LengthOf(Line(B, C)), LengthOf(h))",
    "Equals(MeasureOf(Angle(C, A, B)), 45)",
    "Equals(LengthOf(Line(A, B)), 15)",
    "Perpendicular(Line(A, C), Line(B, C))"
  ],
  "line_instances": [
    "AB",
    "AC",
    "BC"
  ],
  "point_positions": {
    "A": [
      1.0,
      123.0
    ],
    "B": [
      249.0,
      124.0
    ],
    "C": [
      128.0,
      3.0
    ]
  },
  "circle_instances": [
    ""
  ]
}