{
  "problem_text": "Find the area of the figure. Round to the nearest hundredth, if necessary.",
  "choices": [
    "33.6",
    "48",
    "58.6",
    "68.6"
  ],
  "answer": "D",
  "detailed_solution": " ",
  "problem_type_graph": [
    "Triangle",
    "Parallelogram"
  ],
  "problem_type_goal": [
    "Area"
  ],
  "source": "textbook1_chapter_11.pdf",
  "comment": "",
  "id": 1734,
  "annot_id": "pan_2020-03-22_23_44_01",
  "is_standard": false,
  "unit": "yd^2",
  "compact_choices": [
    "33.6",
    "48",
    "58.6",
    "68.6"
  ],
  "precise_value": [
    33.6,
    48.0,
    58.6,
    68.6
  ],
  "rough_value": [
    33.6,
    48,
    58.6,
    68.6
  ],
  "compact_text": "Find the area of the figure. Round to the nearest hundredth, if necessary.",
  "annotat_text": "Find the area of the figure. Round to the nearest hundredth, if necessary.",
  "img_width": 552,
  "img_height": 239,
  "data_type": "train",
  "date": "Fri Sep 18 22:23:14 2020",
  "system": "linux"
}