{
  "problem_text": "Find m \\angle 1.",
  "choices": [
    "15",
    "35",
    "55",
    "70"
  ],
  "answer": "C",
  "detailed_solution": " ",
  "problem_type_graph": [
    "Triangle"
  ],
  "problem_type_goal": [
    "Angle"
  ],
  "source": "textbook1_chapter_4.pdf",
  "comment": "need to check the sign in the picture carefully",
  "id": 1461,
  "annot_id": "Shibiao_2020-03-21_13_04_52",
  "is_standard": false,
  "compact_choices": [
    "15",
    "35",
    "55",
    "70"
  ],
  "precise_value": [
    15.0,
    35.0,
    55.0,
    70.0
  ],
  "rough_value": [
    15,
    35,
    55,
    70
  ],
  "compact_text": "Find m \\angle 1.",
  "annotat_text": "Find $m \\angle 1$.",
  "unit": "",
  "img_width": 630,
  "img_height": 377,
  "data_type": "train",
  "date": "Fri Sep 18 22:23:14 2020",
  "system": "linux"
}