{
  "problem_text": "Find x.",
  "choices": [
    "114",
    "118",
    "121",
    "125"
  ],
  "answer": "A",
  "detailed_solution": " ",
  "problem_type_graph": [
    "Circle"
  ],
  "problem_type_goal": [
    "Angle"
  ],
  "source": "textbook1_chapter_10.pdf",
  "comment": "",
  "id": 413,
  "annot_id": "Shibiao_2020-03-27_13_31_30",
  "is_standard": false,
  "compact_choices": [
    "114",
    "118",
    "121",
    "125"
  ],
  "precise_value": [
    114.0,
    118.0,
    121.0,
    125.0
  ],
  "rough_value": [
    114,
    118,
    121,
    125
  ],
  "compact_text": "Find x.",
  "annotat_text": "Find $x$.",
  "unit": "",
  "img_width": 338,
  "img_height": 298,
  "data_type": "train",
  "date": "Fri Sep 18 22:23:14 2020",
  "system": "linux"
}