{
  "text_logic_form": [
    "Find(x)"
  ],
  "dissolved_text_logic_form": [
    "Find(x)"
  ],
  "diagram_logic_form": [
    "Equals(MeasureOf(Angle(D, C, A)), 121)",
    "Equals(MeasureOf(Angle(D, C, B)), x)",
    "Equals(MeasureOf(Angle(A, C, B)), 125)",
    "PointLiesOnCircle(A, Circle(C, radius_2_0))",
    "PointLiesOnCircle(B, Circle(C, radius_2_0))",
    "PointLiesOnCircle(D, Circle(C, radius_2_0))"
  ],
  "line_instances": [
    "AC",
    "CB",
    "CD"
  ],
  "point_positions": {
    "A": [
      236.0,
      119.0
    ],
    "B": [
      51.0,
      213.0
    ],
    "C": [
      118.0,
      117.0
    ],
    "D": [
      53.0,
      25.0
    ]
  },
  "circle_instances": [
    "C"
  ]
}