{
  "problem_text": "In the figure, m \\angle 1 = 58, m \\angle 2 = 47, and m \\angle 3 = 26. Find the measure of \\angle 7.",
  "choices": [
    "47",
    "49",
    "58",
    "73"
  ],
  "answer": "C",
  "detailed_solution": " ",
  "problem_type_graph": [
    "Line",
    "Triangle"
  ],
  "problem_type_goal": [
    "Angle"
  ],
  "source": "Textbook 2_Chapter 3 - Parallel and Perpendicular Lines.pdf",
  "comment": "",
  "id": 1051,
  "annot_id": "pan_2020-03-17_05_37_37",
  "is_standard": false,
  "compact_choices": [
    "47",
    "49",
    "58",
    "73"
  ],
  "precise_value": [
    47.0,
    49.0,
    58.0,
    73.0
  ],
  "rough_value": [
    47,
    49,
    58,
    73
  ],
  "compact_text": "In the figure, m \\angle 1 = 58, m \\angle 2 = 47, and m \\angle 3 = 26. Find the measure of \\angle 7.",
  "annotat_text": "In the figure, $m \u22201 = 58 $, $m \u22202 = 47 $, and $m \u22203 = 26 $. Find the measure of $\u22207$.",
  "unit": "",
  "img_width": 291,
  "img_height": 286,
  "data_type": "train",
  "date": "Fri Sep 18 22:23:14 2020",
  "system": "linux"
}