{
  "problem_text": "Find A C.",
  "choices": [
    "7",
    "7 \\sqrt { 3 }",
    "14",
    "14 \\sqrt { 3 }"
  ],
  "answer": "B",
  "detailed_solution": " ",
  "problem_type_graph": [
    "Triangle"
  ],
  "problem_type_goal": [
    "Length"
  ],
  "source": "textbook2_chapter7.pdf page 20",
  "comment": "",
  "id": 1487,
  "annot_id": "Ran_2020-03-22_04_12_48",
  "is_standard": false,
  "compact_choices": [
    "7",
    "7\\sqrt{3}",
    "14",
    "14\\sqrt{3}"
  ],
  "precise_value": [
    7.0,
    12.12435565298214,
    14.0,
    24.24871130596428
  ],
  "rough_value": [
    7,
    12.12,
    14,
    24.25
  ],
  "compact_text": "Find AC.",
  "annotat_text": "Find AC",
  "unit": "",
  "img_width": 309,
  "img_height": 246,
  "data_type": "train",
  "date": "Fri Sep 18 22:23:14 2020",
  "system": "linux"
}