{
  "text_logic_form": [
    "Find(LengthOf(Line(A,C)))"
  ],
  "dissolved_text_logic_form": [
    "Find(LengthOf(Line(A,C)))"
  ],
  "diagram_logic_form": [
    "Equals(MeasureOf(Angle(C, B, A)), 60)",
    "Equals(LengthOf(Line(C, B)), 14)",
    "Perpendicular(Line(A, B), Line(A, C))"
  ],
  "line_instances": [
    "AB",
    "AC",
    "CB"
  ],
  "point_positions": {
    "A": [
      1.0,
      138.0
    ],
    "B": [
      1.0,
      1.0
    ],
    "C": [
      242.0,
      137.0
    ]
  },
  "circle_instances": [
    ""
  ]
}