{
  "problem_text": "Find x.",
  "choices": [
    "5",
    "10",
    "15",
    "20"
  ],
  "answer": "C",
  "detailed_solution": " ",
  "problem_type_graph": [
    "Triangle"
  ],
  "problem_type_goal": [
    "Angle"
  ],
  "source": "textbook1_chapter_7.pdf",
  "comment": "",
  "id": 1634,
  "annot_id": "Shibiao_2020-03-22_09_13_29",
  "is_standard": false,
  "compact_choices": [
    "5",
    "10",
    "15",
    "20"
  ],
  "precise_value": [
    5.0,
    10.0,
    15.0,
    20.0
  ],
  "rough_value": [
    5,
    10,
    15,
    20
  ],
  "compact_text": "Find x.",
  "annotat_text": "Find $x$.",
  "unit": "",
  "img_width": 680,
  "img_height": 448,
  "data_type": "train",
  "date": "Fri Sep 18 22:23:14 2020",
  "system": "linux"
}