{
  "request_id": "12c08cc8f3703a2ad6e1a72a724e7899",
  "confidence": 0.96142578125,
  "confidence_rate": 0.96142578125,
  "text": "\\( (2 x+65)^{\\circ} \\)",
  "html": "<div><span class=\"math-inline \">\n<asciimath style=\"display: none;\">(2x+65)^(@)</asciimath><latex style=\"display: none\">(2 x+65)^{\\circ}</latex></span></div>\n",
  "data": [
    {
      "type": "asciimath",
      "value": "(2x+65)^(@)"
    },
    {
      "type": "latex",
      "value": "(2 x+65)^{\\circ}"
    }
  ]
}