{
  "request_id": "930cdbc32c9177ea1acde1bb715b2ccc",
  "confidence": 0.9892578125,
  "confidence_rate": 0.9892578125,
  "text": "\\( (4 x+15)^{\\circ} \\)",
  "html": "<div><span class=\"math-inline \">\n<asciimath style=\"display: none;\">(4x+15)^(@)</asciimath><latex style=\"display: none\">(4 x+15)^{\\circ}</latex></span></div>\n",
  "data": [
    {
      "type": "asciimath",
      "value": "(4x+15)^(@)"
    },
    {
      "type": "latex",
      "value": "(4 x+15)^{\\circ}"
    }
  ]
}