{
  "problem_text": "Find m \\widehat R Q S if m \\widehat Q T S = 238.",
  "choices": [
    "29",
    "61",
    "83",
    "119"
  ],
  "answer": "B",
  "detailed_solution": " ",
  "problem_type_graph": [
    "Circle"
  ],
  "problem_type_goal": [
    "Angle"
  ],
  "source": "textbook1_chapter_10.pdf",
  "comment": "",
  "id": 416,
  "annot_id": "Shibiao_2020-03-28_12_11_33",
  "is_standard": false,
  "compact_choices": [
    "29",
    "61",
    "83",
    "119"
  ],
  "precise_value": [
    29.0,
    61.0,
    83.0,
    119.0
  ],
  "rough_value": [
    29,
    61,
    83,
    119
  ],
  "compact_text": "Find m \\widehat RQS if m \\widehat QTS = 238.",
  "annotat_text": "Find $m \\widehat {RQS}$ if $m \\widehat{QTS}=238$.",
  "unit": "",
  "img_width": 470,
  "img_height": 493,
  "data_type": "train",
  "date": "Fri Sep 18 22:23:14 2020",
  "system": "linux"
}