{
  "problem_text": "Find X Z of isosceles \\triangle X Y Z.",
  "choices": [
    "7",
    "8",
    "12",
    "16"
  ],
  "answer": "C",
  "detailed_solution": " ",
  "problem_type_graph": [
    "Triangle"
  ],
  "problem_type_goal": [
    "Length"
  ],
  "source": "textbook1_chapter6.pdf page2",
  "comment": "",
  "id": 1619,
  "annot_id": "Ran_2020-03-15_02_53_39",
  "is_standard": false,
  "compact_choices": [
    "7",
    "8",
    "12",
    "16"
  ],
  "precise_value": [
    7.0,
    8.0,
    12.0,
    16.0
  ],
  "rough_value": [
    7,
    8,
    12,
    16
  ],
  "compact_text": "Find XZ of isosceles \\triangle XYZ.",
  "annotat_text": "Find $XZ$ of isosceles $\\triangle XYZ$",
  "unit": "",
  "img_width": 489,
  "img_height": 307,
  "data_type": "train",
  "date": "Fri Sep 18 22:23:14 2020",
  "system": "linux"
}