{
  "problem_text": "Find x.",
  "choices": [
    "10",
    "15",
    "20",
    "25"
  ],
  "answer": "C",
  "detailed_solution": " ",
  "problem_type_graph": [
    "Triangle"
  ],
  "problem_type_goal": [
    "Length"
  ],
  "source": "textbook2_chapter7.pdf page 15",
  "comment": "",
  "id": 993,
  "annot_id": "Ran_2020-03-22_04_10_33",
  "is_standard": false,
  "compact_choices": [
    "10",
    "15",
    "20",
    "25"
  ],
  "precise_value": [
    10.0,
    15.0,
    20.0,
    25.0
  ],
  "rough_value": [
    10,
    15,
    20,
    25
  ],
  "compact_text": "Find x.",
  "annotat_text": "Find x",
  "unit": "",
  "img_width": 266,
  "img_height": 219,
  "data_type": "train",
  "date": "Fri Sep 18 22:23:14 2020",
  "system": "linux"
}