{
  "problem_text": "If Q R S T is a parallelogram, find y.",
  "choices": [
    "5.4",
    "9",
    "11",
    "22"
  ],
  "answer": "B",
  "detailed_solution": " ",
  "problem_type_graph": [
    "Parallelogram"
  ],
  "problem_type_goal": [
    "Angle"
  ],
  "source": "textbook1_chapter6.pdf page 16",
  "comment": "",
  "id": 458,
  "annot_id": "Ran_2020-03-15_05_14_09",
  "is_standard": false,
  "compact_choices": [
    "5.4",
    "9",
    "11",
    "22"
  ],
  "precise_value": [
    5.4,
    9.0,
    11.0,
    22.0
  ],
  "rough_value": [
    5.4,
    9,
    11,
    22
  ],
  "compact_text": "If QRST is a parallelogram, find y.",
  "annotat_text": "If QRST is a parallelogram, find $y$",
  "unit": "",
  "img_width": 837,
  "img_height": 377,
  "data_type": "train",
  "date": "Fri Sep 18 22:23:14 2020",
  "system": "linux"
}