{
  "problem_text": "Use parallelogram A B C D to find m \\angle B C F.",
  "choices": [
    "34",
    "49",
    "54",
    "83"
  ],
  "answer": "B",
  "detailed_solution": " ",
  "problem_type_graph": [
    "Parallelogram"
  ],
  "problem_type_goal": [
    "Angle"
  ],
  "source": "textbook2_chapter8.pdf page 31",
  "comment": "",
  "id": 985,
  "annot_id": "Ran_2020-03-27_04_25_14",
  "is_standard": false,
  "compact_choices": [
    "34",
    "49",
    "54",
    "83"
  ],
  "precise_value": [
    34.0,
    49.0,
    54.0,
    83.0
  ],
  "rough_value": [
    34,
    49,
    54,
    83
  ],
  "compact_text": "Use parallelogram ABCD to find m \\angle BCF.",
  "annotat_text": "Use parallelogram ABCD to find $m \\angle BCF $",
  "unit": "",
  "img_width": 345,
  "img_height": 252,
  "data_type": "train",
  "date": "Fri Sep 18 22:23:14 2020",
  "system": "linux"
}