{
  "problem_text": "A D and C G are diameters of \\odot B. Find m \\widehat A C F.",
  "choices": [
    "265",
    "270",
    "295",
    "305"
  ],
  "answer": "B",
  "detailed_solution": " ",
  "problem_type_graph": [
    "Circle"
  ],
  "problem_type_goal": [
    "Angle"
  ],
  "source": "textbook1_chapter_10.pdf",
  "comment": "",
  "id": 99,
  "annot_id": "Shibiao_2020-03-27_12_12_51",
  "is_standard": false,
  "compact_choices": [
    "265",
    "270",
    "295",
    "305"
  ],
  "precise_value": [
    265.0,
    270.0,
    295.0,
    305.0
  ],
  "rough_value": [
    265,
    270,
    295,
    305
  ],
  "compact_text": "AD and CG are diameters of \\odot B. Find m \\widehat ACF.",
  "annotat_text": "$\\overline{AD}$ and $\\overline{CG}$ are diameters of $\\odot B$. Find $m \\widehat {ACF}$.",
  "unit": "",
  "img_width": 507,
  "img_height": 503,
  "data_type": "train",
  "date": "Fri Sep 18 22:23:14 2020",
  "system": "linux"
}