{
  "text_logic_form": [
    "IsDiameterOf(Line(A,D),Circle(B))",
    "IsDiameterOf(Line(C,G),Circle(B))",
    "Find(MeasureOf(Arc(A,C,F)))"
  ],
  "dissolved_text_logic_form": [
    "IsDiameterOf(Line(A,D),Circle(B))",
    "IsDiameterOf(Line(C,G),Circle(B))",
    "Find(MeasureOf(Arc(A,C,F)))"
  ],
  "diagram_logic_form": [
    "Equals(MeasureOf(Angle(C, B, D)), 55)",
    "Equals(MeasureOf(Angle(G, B, F)), 35)",
    "PointLiesOnLine(B, Line(A, D))",
    "PointLiesOnLine(B, Line(C, G))",
    "PointLiesOnCircle(F, Circle(B, radius_6_0))",
    "PointLiesOnCircle(D, Circle(B, radius_6_0))",
    "PointLiesOnCircle(A, Circle(B, radius_6_0))",
    "PointLiesOnCircle(C, Circle(B, radius_6_0))",
    "PointLiesOnCircle(G, Circle(B, radius_6_0))"
  ],
  "line_instances": [
    "AB",
    "AD",
    "BD",
    "CB",
    "CG",
    "FB",
    "GB"
  ],
  "point_positions": {
    "A": [
      34.0,
      274.0
    ],
    "B": [
      181.0,
      172.0
    ],
    "C": [
      173.0,
      1.0
    ],
    "D": [
      316.0,
      74.0
    ],
    "F": [
      272.0,
      318.0
    ],
    "G": [
      173.0,
      347.0
    ]
  },
  "circle_instances": [
    "B"
  ]
}