{
  "problem_text": "Use parallelogram P Q R S to find Q R.",
  "choices": [
    "3",
    "5",
    "15",
    "53"
  ],
  "answer": "A",
  "detailed_solution": " ",
  "problem_type_graph": [
    "Parallelogram"
  ],
  "problem_type_goal": [
    "Length"
  ],
  "source": "textbook1_chapter6.pdf page 18",
  "comment": "",
  "id": 1359,
  "annot_id": "Ran_2020-03-15_05_36_02",
  "is_standard": false,
  "compact_choices": [
    "3",
    "5",
    "15",
    "53"
  ],
  "precise_value": [
    3.0,
    5.0,
    15.0,
    53.0
  ],
  "rough_value": [
    3,
    5,
    15,
    53
  ],
  "compact_text": "Use parallelogram PQRS to find QR.",
  "annotat_text": "Use parallelogram PQRS to find $QR$",
  "unit": "",
  "img_width": 446,
  "img_height": 263,
  "data_type": "train",
  "date": "Fri Sep 18 22:23:14 2020",
  "system": "linux"
}