{
  "text_logic_form": [
    "Parallelogram(P,Q,R,S)",
    "Find(LengthOf(Line(Q,R)))"
  ],
  "dissolved_text_logic_form": [
    "Parallelogram(P,Q,R,S)",
    "Find(LengthOf(Line(Q,R)))"
  ],
  "diagram_logic_form": [
    "Equals(MeasureOf(Angle(P, Q, R)), 128)",
    "Equals(LengthOf(Line(S, P)), 3)",
    "Equals(LengthOf(Line(R, S)), 5)"
  ],
  "line_instances": [
    "RQ",
    "RS",
    "QP",
    "SP"
  ],
  "circle_instances": [],
  "point_positions": {
    "R": [
      1.4708656113169525,
      116.00110025822387
    ],
    "P": [
      341.4834478731528,
      1.3292009163185554
    ],
    "Q": [
      93.99360053890199,
      0.007948804311212143
    ],
    "S": [
      250.92907514710507,
      117.33009926784351
    ]
  }
}