{
  "text_logic_form": [
    "Equals(RadiusOf(Circle(O)),10)",
    "Equals(LengthOf(Line(A,B)),10)",
    "Equals(LengthOf(Line(A,B)),60)",
    "Find(MeasureOf(Arc(O,X)))"
  ],
  "dissolved_text_logic_form": [
    "Equals(RadiusOf(Circle(O)),10)",
    "Equals(LengthOf(Line(A,B)),10)",
    "Equals(LengthOf(Line(A,B)),60)",
    "Find(MeasureOf(Arc(O,X)))"
  ],
  "diagram_logic_form": [
    "PointLiesOnLine(X, Line(O, Y))",
    "PointLiesOnLine(X, Line(B, A))",
    "PointLiesOnCircle(Y, Circle(O, radius_0_0))",
    "PointLiesOnCircle(B, Circle(O, radius_0_0))",
    "PointLiesOnCircle(A, Circle(O, radius_0_0))",
    "Perpendicular(Line(X, B), Line(O, X))"
  ],
  "line_instances": [
    "OY",
    "OX",
    "YX",
    "XB",
    "XA",
    "BA"
  ],
  "circle_instances": [
    "O"
  ],
  "point_positions": {
    "O": [
      90.25,
      91.75
    ],
    "Y": [
      56.0,
      15.0
    ],
    "B": [
      119.60284616281973,
      6.656781718332603
    ],
    "A": [
      5.5651567090242295,
      60.264242572680914
    ],
    "X": [
      63.98751244231291,
      32.80074201429735
    ]
  }
}