{
  "problem_text": "Find m \\angle K.",
  "choices": [
    "62",
    "72",
    "116",
    "160"
  ],
  "answer": "A",
  "detailed_solution": " ",
  "problem_type_graph": [
    "Other"
  ],
  "problem_type_goal": [
    "Angle"
  ],
  "source": "textbook1_chapter6.pdf page 9",
  "comment": "",
  "id": 1041,
  "annot_id": "Ran_2020-03-15_04_22_28",
  "is_standard": false,
  "compact_choices": [
    "62",
    "72",
    "116",
    "160"
  ],
  "precise_value": [
    62.0,
    72.0,
    116.0,
    160.0
  ],
  "rough_value": [
    62,
    72,
    116,
    160
  ],
  "compact_text": "Find m \\angle K.",
  "annotat_text": "Find $m\\angle K$",
  "unit": "",
  "img_width": 573,
  "img_height": 388,
  "data_type": "train",
  "date": "Fri Sep 18 22:23:14 2020",
  "system": "linux"
}