{
  "problem_text": "Find m \\widehat D H.",
  "choices": [
    "81",
    "99",
    "136",
    "162"
  ],
  "answer": "D",
  "detailed_solution": " ",
  "problem_type_graph": [
    "Circle"
  ],
  "problem_type_goal": [
    "Angle"
  ],
  "source": "textbook1_chapter_10.pdf",
  "comment": "",
  "id": 764,
  "annot_id": "Shibiao_2020-03-28_09_25_58",
  "is_standard": false,
  "compact_choices": [
    "81",
    "99",
    "136",
    "162"
  ],
  "precise_value": [
    81.0,
    99.0,
    136.0,
    162.0
  ],
  "rough_value": [
    81,
    99,
    136,
    162
  ],
  "compact_text": "Find m \\widehat DH.",
  "annotat_text": "Find $m \\angle DH$.",
  "unit": "",
  "img_width": 490,
  "img_height": 454,
  "data_type": "train",
  "date": "Fri Sep 18 22:23:14 2020",
  "system": "linux"
}