{
  "text_logic_form": [
    "Find(MeasureOf(Arc(D,H)))"
  ],
  "dissolved_text_logic_form": [
    "Find(MeasureOf(Arc(D,H)))"
  ],
  "diagram_logic_form": [
    "Equals(MeasureOf(Angle(D, F, H)), 81)",
    "PointLiesOnCircle(D, Circle(A, radius_3_0))",
    "PointLiesOnCircle(F, Circle(A, radius_3_0))",
    "PointLiesOnCircle(H, Circle(A, radius_3_0))"
  ],
  "line_instances": [
    "DF",
    "FH"
  ],
  "point_positions": {
    "A": [
      157.0,
      160.0
    ],
    "D": [
      46.0,
      271.0
    ],
    "F": [
      289.0,
      248.0
    ],
    "H": [
      230.0,
      18.0
    ]
  },
  "circle_instances": [
    "A"
  ]
}