{
  "problem_text": "Find m \\angle 1.",
  "choices": [
    "78",
    "115",
    "120",
    "128"
  ],
  "answer": "D",
  "detailed_solution": " ",
  "problem_type_graph": [
    "Triangle"
  ],
  "problem_type_goal": [
    "Angle"
  ],
  "source": "textbook1_chapter_7.pdf",
  "comment": "",
  "id": 737,
  "annot_id": "Shibiao_2020-03-22_09_48_39",
  "is_standard": false,
  "compact_choices": [
    "78",
    "115",
    "120",
    "128"
  ],
  "precise_value": [
    78.0,
    115.0,
    120.0,
    128.0
  ],
  "rough_value": [
    78,
    115,
    120,
    128
  ],
  "compact_text": "Find m \\angle 1.",
  "annotat_text": "Find $m \\angle 1$.",
  "unit": "",
  "img_width": 795,
  "img_height": 436,
  "data_type": "train",
  "date": "Fri Sep 18 22:23:14 2020",
  "system": "linux"
}