{
  "problem_text": "Find B D.",
  "choices": [
    "1.8",
    "2.4",
    "5",
    "6"
  ],
  "answer": "A",
  "detailed_solution": " ",
  "problem_type_graph": [
    "Triangle"
  ],
  "problem_type_goal": [
    "Length"
  ],
  "source": "textbook2_chapter6.pdf page 23",
  "comment": "this one interleaves text and image",
  "id": 91,
  "annot_id": "Ran_2020-03-20_16_52_06",
  "is_standard": false,
  "compact_choices": [
    "1.8",
    "2.4",
    "5",
    "6"
  ],
  "precise_value": [
    1.8,
    2.4,
    5.0,
    6.0
  ],
  "rough_value": [
    1.8,
    2.4,
    5,
    6
  ],
  "compact_text": "Find BD.",
  "annotat_text": "Find BD",
  "unit": "",
  "img_width": 496,
  "img_height": 292,
  "data_type": "train",
  "date": "Fri Sep 18 22:23:14 2020",
  "system": "linux"
}