{
  "problem_text": "Find m \\angle 1.",
  "choices": [
    "23",
    "55",
    "63",
    "125"
  ],
  "answer": "B",
  "detailed_solution": " ",
  "problem_type_graph": [
    "Line",
    "Triangle"
  ],
  "problem_type_goal": [
    "Angle"
  ],
  "source": "textbook1_chapter_4.pdf",
  "comment": "",
  "id": 791,
  "annot_id": "Shibiao_2020-03-21_16_11_41",
  "is_standard": false,
  "compact_choices": [
    "23",
    "55",
    "63",
    "125"
  ],
  "precise_value": [
    23.0,
    55.0,
    63.0,
    125.0
  ],
  "rough_value": [
    23,
    55,
    63,
    125
  ],
  "compact_text": "Find m \\angle 1.",
  "annotat_text": "Find $m \\angle 1$.",
  "unit": "",
  "img_width": 642,
  "img_height": 533,
  "data_type": "train",
  "date": "Fri Sep 18 22:23:14 2020",
  "system": "linux"
}