{
  "problem_text": "Find the area of the figure.",
  "choices": [
    "105",
    "135",
    "150",
    "160"
  ],
  "answer": "C",
  "detailed_solution": " ",
  "problem_type_graph": [
    "Rectangle",
    "Other"
  ],
  "problem_type_goal": [
    "Area"
  ],
  "source": "Textbook 2_Chapter 11 - Areas of Polygons and Circles.pdf",
  "comment": "shaded area not sure how to represent",
  "id": 744,
  "annot_id": "pan_2020-03-21_20_56_05",
  "is_standard": false,
  "unit": "units^2",
  "compact_choices": [
    "105",
    "135",
    "150",
    "160"
  ],
  "precise_value": [
    105.0,
    135.0,
    150.0,
    160.0
  ],
  "rough_value": [
    105,
    135,
    150,
    160
  ],
  "compact_text": "Find the area of the figure.",
  "annotat_text": "Find the area of the figure.",
  "img_width": 291,
  "img_height": 295,
  "data_type": "train",
  "date": "Fri Sep 18 22:23:14 2020",
  "system": "linux"
}