{
  "text_logic_form": [
    "Find(AreaOf(Shape($)))"
  ],
  "dissolved_text_logic_form": [
    "Find(AreaOf(Shape($)))"
  ],
  "diagram_logic_form": [
    "Equals(LengthOf(Line(E, H)), 10)",
    "Equals(LengthOf(Line(K, H)), 5)",
    "Equals(LengthOf(Line(I, E)), 5)",
    "Equals(LengthOf(Line(B, I)), 7)",
    "Equals(LengthOf(Line(A, K)), 7)",
    "Equals(LengthOf(Line(B, L)), 5)",
    "Equals(LengthOf(Line(A, G)), 5)",
    "Equals(LengthOf(Line(L, F)), 7)",
    "Equals(LengthOf(Line(G, D)), 7)",
    "Equals(LengthOf(Line(C, F)), 5)",
    "Equals(LengthOf(Line(J, D)), 5)",
    "Equals(LengthOf(Line(C, J)), 10)",
    "PointLiesOnLine(K, Line(A, B))",
    "PointLiesOnLine(B, Line(A, I))",
    "PointLiesOnLine(K, Line(A, I))",
    "PointLiesOnLine(D, Line(G, F))",
    "PointLiesOnLine(L, Line(G, F))",
    "PointLiesOnLine(D, Line(G, L))",
    "PointLiesOnLine(F, Line(I, C))",
    "PointLiesOnLine(B, Line(I, K))",
    "PointLiesOnLine(D, Line(K, J))",
    "PointLiesOnLine(F, Line(C, E))",
    "PointLiesOnLine(I, Line(C, E))",
    "PointLiesOnLine(I, Line(E, F))",
    "PointLiesOnLine(L, Line(F, D))",
    "PointLiesOnLine(D, Line(J, H))",
    "PointLiesOnLine(K, Line(J, H))",
    "PointLiesOnLine(K, Line(D, H))",
    "Perpendicular(Line(E, H), Line(I, E))",
    "Perpendicular(Line(E, H), Line(K, H))",
    "Perpendicular(Line(I, E), Line(B, I))",
    "Perpendicular(Line(K, H), Line(A, K))",
    "Perpendicular(Line(B, I), Line(B, L))",
    "Perpendicular(Line(A, K), Line(A, G))",
    "Perpendicular(Line(B, L), Line(L, F))",
    "Perpendicular(Line(A, G), Line(G, D))",
    "Perpendicular(Line(L, F), Line(C, F))",
    "Perpendicular(Line(G, D), Line(J, D))",
    "Perpendicular(Line(C, F), Line(C, J))",
    "Perpendicular(Line(J, D), Line(C, J))"
  ],
  "line_instances": [
    "AB",
    "AG",
    "AI",
    "AK",
    "BI",
    "BL",
    "CE",
    "CF",
    "CJ",
    "DH",
    "EF",
    "EH",
    "FD",
    "GD",
    "GF",
    "GL",
    "IC",
    "IE",
    "IK",
    "JD",
    "JH",
    "KH",
    "KJ",
    "LF"
  ],
  "point_positions": {
    "A": [
      222.0,
      67.0
    ],
    "B": [
      92.0,
      67.0
    ],
    "C": [
      1.0,
      196.0
    ],
    "D": [
      132.0,
      133.0
    ],
    "E": [
      0.0,
      0.0
    ],
    "F": [
      1.0,
      131.0
    ],
    "G": [
      223.0,
      131.0
    ],
    "H": [
      131.0,
      1.0
    ],
    "I": [
      2.0,
      65.0
    ],
    "J": [
      130.0,
      197.0
    ],
    "K": [
      132.0,
      65.0
    ],
    "L": [
      93.0,
      132.0
    ]
  },
  "circle_instances": [
    ""
  ]
}