{
  "problem_text": "J H, J P, and P H are midsegments of \\triangle K L M. Find x.",
  "choices": [
    "12.5",
    "20",
    "25",
    "50"
  ],
  "answer": "D",
  "detailed_solution": " ",
  "problem_type_graph": [
    "Triangle"
  ],
  "problem_type_goal": [
    "Length"
  ],
  "source": "textbook1_chapter_7.pdf",
  "comment": "",
  "id": 1854,
  "annot_id": "Shibiao_2020-03-22_11_47_04",
  "is_standard": false,
  "compact_choices": [
    "12.5",
    "20",
    "25",
    "50"
  ],
  "precise_value": [
    12.5,
    20.0,
    25.0,
    50.0
  ],
  "rough_value": [
    12.5,
    20,
    25,
    50
  ],
  "compact_text": "JH, JP, and PH are midsegments of \\triangle KLM. Find x.",
  "annotat_text": "$\\overline{JH}, \\overline{JP},$ and $\\overline{PH}$ are midsegments of $\\triangle KLM$. Find $x$.",
  "unit": "",
  "img_width": 604,
  "img_height": 467,
  "data_type": "train",
  "date": "Fri Sep 18 22:23:14 2020",
  "system": "linux"
}