{
  "problem_text": "Use rectangle L M N P, parallelogram L K M J to solve the problem. If m \\angle L M P = m \\angle P M N, find m \\angle P J L.",
  "choices": [
    "30",
    "45",
    "60",
    "90"
  ],
  "answer": "D",
  "detailed_solution": " ",
  "problem_type_graph": [
    "Rectangle",
    "Parallelogram"
  ],
  "problem_type_goal": [
    "Angle"
  ],
  "source": "textbook2_chapter8.pdf page 38",
  "comment": "",
  "id": 547,
  "annot_id": "Ran_2020-03-27_05_04_25",
  "is_standard": false,
  "compact_choices": [
    "30",
    "45",
    "60",
    "90"
  ],
  "precise_value": [
    30.0,
    45.0,
    60.0,
    90.0
  ],
  "rough_value": [
    30,
    45,
    60,
    90
  ],
  "compact_text": "Use rectangle LMNP, parallelogram LKMJ to solve the problem. If m \\angle LMP = m \\angle PMN, find m \\angle PJL.",
  "annotat_text": "Use rectangle LMNP, parallelogram LKMJ to solve the problem.\r\nIf $m \\angle L M P=m \\angle P M N,$ find $m \\angle P J L$",
  "unit": "",
  "img_width": 279,
  "img_height": 246,
  "data_type": "train",
  "date": "Fri Sep 18 22:23:14 2020",
  "system": "linux"
}