{
  "problem_text": "Find m \\angle S.",
  "choices": [
    "27",
    "35.5",
    "54",
    "71"
  ],
  "answer": "C",
  "detailed_solution": " ",
  "problem_type_graph": [
    "Circle"
  ],
  "problem_type_goal": [
    "Angle"
  ],
  "source": "textbook1_chapter_10.pdf",
  "comment": "",
  "id": 254,
  "annot_id": "Shibiao_2020-03-28_12_13_14",
  "is_standard": false,
  "compact_choices": [
    "27",
    "35.5",
    "54",
    "71"
  ],
  "precise_value": [
    27.0,
    35.5,
    54.0,
    71.0
  ],
  "rough_value": [
    27,
    35.5,
    54,
    71
  ],
  "compact_text": "Find m \\angle S.",
  "annotat_text": "Find $m \\angle S$.",
  "unit": "",
  "img_width": 538,
  "img_height": 500,
  "data_type": "train",
  "date": "Fri Sep 18 22:23:14 2020",
  "system": "linux"
}