{
  "problem_text": "For the pair of similar figures, use the given areas to find the scale factor of the blue to the green figure.",
  "choices": [
    "\\frac { 4 } { 9 }",
    "\\frac { 2 } { 3 }",
    "\\frac { 3 } { 2 }",
    "\\frac { 9 } { 4 }"
  ],
  "answer": "C",
  "detailed_solution": " ",
  "problem_type_graph": [
    "Other"
  ],
  "problem_type_goal": [
    "Ratio"
  ],
  "source": "textbook1_chapter_11.pdf",
  "comment": "",
  "id": 108,
  "annot_id": "pan_2020-03-23_07_32_15",
  "is_standard": false,
  "compact_choices": [
    "\\frac{4}{9}",
    "\\frac{2}{3}",
    "\\frac{3}{2}",
    "\\frac{9}{4}"
  ],
  "precise_value": [
    0.4444444444444444,
    0.6666666666666666,
    1.5,
    2.25
  ],
  "rough_value": [
    0.44,
    0.67,
    1.5,
    2.25
  ],
  "compact_text": "For the pair of similar figures, use the given areas to find the scale factor of the blue to the green figure.",
  "annotat_text": "For the pair of similar figures, use the given areas to find the scale factor of the blue to the green figure. ",
  "unit": "",
  "img_width": 405,
  "img_height": 223,
  "data_type": "train",
  "date": "Fri Sep 18 22:23:14 2020",
  "system": "linux"
}