{
  "problem_text": "The diameters of \\odot A, \\odot B, and \\odot C are 10, 30 and 10 units, respectively. Find B Y if A Z \\cong C W and C W = 2.",
  "choices": [
    "6",
    "12",
    "48",
    "60"
  ],
  "answer": "B",
  "detailed_solution": " ",
  "problem_type_graph": [
    "Circle"
  ],
  "problem_type_goal": [
    "Length"
  ],
  "source": "textbook2_chapter10.pdf page 7",
  "comment": "give up",
  "id": 1865,
  "annot_id": "Ran_2020-03-28_01_19_04",
  "is_standard": false,
  "compact_choices": [
    "6",
    "12",
    "48",
    "60"
  ],
  "precise_value": [
    6.0,
    12.0,
    48.0,
    60.0
  ],
  "rough_value": [
    6,
    12,
    48,
    60
  ],
  "compact_text": "The diameters of \\odot A, \\odot B, and \\odot C are 10, 30 and 10 units, respectively. Find BY if AZ \\cong CW and CW = 2.",
  "annotat_text": "The diameters of $\\odot A, \\odot B,$ and $\\odot C$ are 10, 30 and 10 units, respectively. Find BY if $\\overline{A Z} \\cong \\overline{C W}$ and $C W=2$.",
  "unit": "",
  "img_width": 446,
  "img_height": 274,
  "data_type": "train",
  "date": "Fri Sep 18 22:23:14 2020",
  "system": "linux"
}