{
  "text_logic_form": [
    "Equals(DiameterOf(Circle(A)),10)",
    "Equals(DiameterOf(Circle(B)),30)",
    "Equals(DiameterOf(Circle(C)),10)",
    "Equals(LengthOf(Line(A,Z)),Line(C,W))",
    "Equals(LengthOf(Line(C,W)),2)",
    "Find(LengthOf(Line(B,Y)))"
  ],
  "dissolved_text_logic_form": [
    "Equals(DiameterOf(Circle(A)),10)",
    "Equals(DiameterOf(Circle(B)),30)",
    "Equals(DiameterOf(Circle(C)),10)",
    "Equals(LengthOf(Line(A,Z)),Line(C,W))",
    "Equals(LengthOf(Line(C,W)),2)",
    "Find(LengthOf(Line(B,Y)))"
  ],
  "diagram_logic_form": [
    "PointLiesOnLine(B, Line(D, E))",
    "PointLiesOnLine(X, Line(D, E))",
    "PointLiesOnLine(Y, Line(D, E))",
    "PointLiesOnLine(Y, Line(D, B))",
    "PointLiesOnLine(B, Line(D, F))",
    "PointLiesOnLine(X, Line(D, F))",
    "PointLiesOnLine(Y, Line(D, F))",
    "PointLiesOnLine(Z, Line(D, F))",
    "PointLiesOnLine(B, Line(D, X))",
    "PointLiesOnLine(Y, Line(D, X))",
    "PointLiesOnLine(B, Line(D, Z))",
    "PointLiesOnLine(X, Line(D, Z))",
    "PointLiesOnLine(Y, Line(D, Z))",
    "PointLiesOnLine(E, Line(D, A))",
    "PointLiesOnLine(B, Line(D, A))",
    "PointLiesOnLine(X, Line(D, A))",
    "PointLiesOnLine(Y, Line(D, A))",
    "PointLiesOnLine(X, Line(E, B))",
    "PointLiesOnLine(Z, Line(E, F))",
    "PointLiesOnLine(A, Line(E, F))",
    "PointLiesOnLine(D, Line(E, G))",
    "PointLiesOnLine(B, Line(E, G))",
    "PointLiesOnLine(Y, Line(E, G))",
    "PointLiesOnLine(B, Line(E, Y))",
    "PointLiesOnLine(X, Line(E, Y))",
    "PointLiesOnLine(D, Line(E, C))",
    "PointLiesOnLine(B, Line(E, C))",
    "PointLiesOnLine(X, Line(E, C))",
    "PointLiesOnLine(Y, Line(E, C))",
    "PointLiesOnLine(A, Line(E, Z))",
    "PointLiesOnLine(X, Line(B, F))",
    "PointLiesOnLine(Z, Line(B, F))",
    "PointLiesOnLine(D, Line(B, G))",
    "PointLiesOnLine(Y, Line(B, G))",
    "PointLiesOnLine(D, Line(B, C))",
    "PointLiesOnLine(Y, Line(B, C))",
    "PointLiesOnLine(X, Line(B, Z))",
    "PointLiesOnLine(A, Line(B, Z))",
    "PointLiesOnLine(E, Line(B, A))",
    "PointLiesOnLine(X, Line(B, A))",
    "PointLiesOnLine(D, Line(F, G))",
    "PointLiesOnLine(B, Line(F, G))",
    "PointLiesOnLine(X, Line(F, G))",
    "PointLiesOnLine(Y, Line(F, G))",
    "PointLiesOnLine(C, Line(F, G))",
    "PointLiesOnLine(Z, Line(F, G))",
    "PointLiesOnLine(Z, Line(F, X))",
    "PointLiesOnLine(B, Line(F, Y))",
    "PointLiesOnLine(X, Line(F, Y))",
    "PointLiesOnLine(Z, Line(F, Y))",
    "PointLiesOnLine(D, Line(F, C))",
    "PointLiesOnLine(X, Line(F, C))",
    "PointLiesOnLine(Y, Line(F, C))",
    "PointLiesOnLine(Z, Line(F, C))",
    "PointLiesOnLine(Z, Line(F, A))",
    "PointLiesOnLine(D, Line(G, X))",
    "PointLiesOnLine(B, Line(G, X))",
    "PointLiesOnLine(Y, Line(G, X))",
    "PointLiesOnLine(D, Line(G, Y))",
    "PointLiesOnLine(D, Line(G, Z))",
    "PointLiesOnLine(B, Line(G, Z))",
    "PointLiesOnLine(X, Line(G, Z))",
    "PointLiesOnLine(Y, Line(G, Z))",
    "PointLiesOnLine(D, Line(G, A))",
    "PointLiesOnLine(E, Line(G, A))",
    "PointLiesOnLine(B, Line(G, A))",
    "PointLiesOnLine(X, Line(G, A))",
    "PointLiesOnLine(Y, Line(G, A))",
    "PointLiesOnLine(B, Line(X, Y))",
    "PointLiesOnLine(D, Line(X, C))",
    "PointLiesOnLine(B, Line(X, C))",
    "PointLiesOnLine(Y, Line(X, C))",
    "PointLiesOnLine(E, Line(X, A))",
    "PointLiesOnLine(D, Line(Y, C))",
    "PointLiesOnLine(B, Line(Y, Z))",
    "PointLiesOnLine(X, Line(Y, Z))",
    "PointLiesOnLine(E, Line(Y, A))",
    "PointLiesOnLine(B, Line(Y, A))",
    "PointLiesOnLine(X, Line(Y, A))",
    "PointLiesOnLine(D, Line(C, Z))",
    "PointLiesOnLine(B, Line(C, Z))",
    "PointLiesOnLine(X, Line(C, Z))",
    "PointLiesOnLine(Y, Line(C, Z))",
    "PointLiesOnLine(D, Line(C, A))",
    "PointLiesOnLine(E, Line(C, A))",
    "PointLiesOnLine(B, Line(C, A))",
    "PointLiesOnLine(X, Line(C, A))",
    "PointLiesOnLine(Y, Line(C, A))",
    "PointLiesOnCircle(D, Circle(B, radius_2_0))",
    "PointLiesOnCircle(E, Circle(B, radius_2_0))",
    "PointLiesOnCircle(G, Circle(C, radius_9_0))",
    "PointLiesOnCircle(Y, Circle(C, radius_9_0))",
    "PointLiesOnCircle(F, Circle(A, radius_11_0))",
    "PointLiesOnCircle(X, Circle(A, radius_11_0))"
  ],
  "line_instances": [
    "BA",
    "BC",
    "BF",
    "BG",
    "BX",
    "BY",
    "BZ",
    "CA",
    "CW",
    "CZ",
    "DA",
    "DB",
    "DC",
    "DE",
    "DF",
    "DG",
    "DH",
    "DX",
    "DY",
    "DZ",
    "EA",
    "EB",
    "EC",
    "EF",
    "EG",
    "EX",
    "EY",
    "EZ",
    "FA",
    "FC",
    "FG",
    "FX",
    "FY",
    "FZ",
    "GA",
    "GC",
    "GX",
    "GY",
    "GZ",
    "HC",
    "HW",
    "HY",
    "XA",
    "XC",
    "XY",
    "XZ",
    "YA",
    "YC",
    "YZ",
    "ZA"
  ],
  "point_positions": {
    "A": [
      54.0,
      113.0
    ],
    "B": [
      176.0,
      112.0
    ],
    "C": [
      316.0,
      109.0
    ],
    "D": [
      284.0,
      111.0
    ],
    "E": [
      68.0,
      113.0
    ],
    "F": [
      1.0,
      108.0
    ],
    "G": [
      366.0,
      112.0
    ],
    "H": [
      311.0,
      126.0
    ],
    "W": [
      325.0,
      151.0
    ],
    "X": [
      104.0,
      110.0
    ],
    "Y": [
      265.0,
      111.0
    ],
    "Z": [
      19.0,
      109.0
    ]
  },
  "circle_instances": [
    "B",
    "C",
    "A"
  ]
}