{
  "problem_text": "Find x. Round the angle measure to the nearest degree.",
  "choices": [
    "12",
    "15",
    "18",
    "21"
  ],
  "answer": "B",
  "detailed_solution": " ",
  "problem_type_graph": [
    "Triangle"
  ],
  "problem_type_goal": [
    "Angle"
  ],
  "source": "textbook1_chapter_8.pdf",
  "comment": "",
  "id": 823,
  "annot_id": "pan_2020-03-25_23_14_51",
  "is_standard": false,
  "compact_choices": [
    "12",
    "15",
    "18",
    "21"
  ],
  "precise_value": [
    12.0,
    15.0,
    18.0,
    21.0
  ],
  "rough_value": [
    12,
    15,
    18,
    21
  ],
  "compact_text": "Find x. Round the angle measure to the nearest degree.",
  "annotat_text": "Find x. Round the angle measure to the nearest degree.",
  "unit": "",
  "img_width": 262,
  "img_height": 374,
  "data_type": "train",
  "date": "Fri Sep 18 22:23:14 2020",
  "system": "linux"
}