{
  "problem_text": "Find x in the figure.",
  "choices": [
    "27.7",
    "34",
    "41.3",
    "68"
  ],
  "answer": "B",
  "detailed_solution": " ",
  "problem_type_graph": [
    "Rectangle"
  ],
  "problem_type_goal": [
    "Angle"
  ],
  "source": "Textbook 2_Chapter 3 - Parallel and Perpendicular Lines.pdf",
  "comment": "",
  "id": 434,
  "annot_id": "pan_2020-03-17_02_55_20",
  "is_standard": false,
  "compact_choices": [
    "27.7",
    "34",
    "41.3",
    "68"
  ],
  "precise_value": [
    27.7,
    34.0,
    41.3,
    68.0
  ],
  "rough_value": [
    27.7,
    34,
    41.3,
    68
  ],
  "compact_text": "Find x in the figure.",
  "annotat_text": "Find $x$ in the figure.",
  "unit": "",
  "img_width": 509,
  "img_height": 223,
  "data_type": "train",
  "date": "Fri Sep 18 22:23:14 2020",
  "system": "linux"
}