{
  "problem_text": "Find y.",
  "choices": [
    "9",
    "10.4",
    "12.7",
    "15.6"
  ],
  "answer": "D",
  "detailed_solution": " ",
  "problem_type_graph": [
    "Triangle"
  ],
  "problem_type_goal": [
    "Length"
  ],
  "source": "textbook1_chapter_11.pdf",
  "comment": "",
  "id": 26,
  "annot_id": "pan_2020-03-23_02_44_29",
  "is_standard": false,
  "compact_choices": [
    "9",
    "10.4",
    "12.7",
    "15.6"
  ],
  "precise_value": [
    9.0,
    10.4,
    12.7,
    15.6
  ],
  "rough_value": [
    9,
    10.4,
    12.7,
    15.6
  ],
  "compact_text": "Find y.",
  "annotat_text": "Find $y$.",
  "unit": "",
  "img_width": 300,
  "img_height": 171,
  "data_type": "train",
  "date": "Fri Sep 18 22:23:14 2020",
  "system": "linux"
}