{
  "text_logic_form": [
    "Find(y)"
  ],
  "dissolved_text_logic_form": [
    "Find(y)"
  ],
  "diagram_logic_form": [
    "Equals(LengthOf(Line(A, B)), y)",
    "Equals(LengthOf(Line(A, C)), x)",
    "Equals(MeasureOf(Angle(A, B, C)), 30)",
    "Equals(LengthOf(Line(B, C)), 18)",
    "Perpendicular(Line(A, B), Line(A, C))"
  ],
  "line_instances": [
    "AB",
    "AC",
    "BC"
  ],
  "point_positions": {
    "A": [
      196.0,
      1.0
    ],
    "B": [
      0.0,
      83.0
    ],
    "C": [
      242.0,
      110.0
    ]
  },
  "circle_instances": [
    ""
  ]
}