{
  "text_logic_form": [
    "Similar(Polygon($1),Polygon($2))",
    "Find(y)"
  ],
  "dissolved_text_logic_form": [
    "Similar(Triangle(R,Q,S),Triangle(K,J,L))",
    "Find(y)"
  ],
  "diagram_logic_form": [
    "Equals(LengthOf(Line(R, S)), 8)",
    "Equals(LengthOf(Line(R, Q)), 4)",
    "Equals(LengthOf(Line(K, J)), 6)",
    "Equals(LengthOf(Line(L, K)), 12)",
    "Equals(MeasureOf(Angle(R, Q, S)), 80)",
    "Equals(MeasureOf(Angle(Q, S, R)), x)",
    "Equals(MeasureOf(Angle(K, L, J)), 30)",
    "Equals(MeasureOf(Angle(J, K, L)), y)",
    "Equals(MeasureOf(Angle(K, J, L)), MeasureOf(Angle(R, Q, S)))",
    "Equals(MeasureOf(Angle(J, L, K)), MeasureOf(Angle(Q, S, R)))",
    "Equals(MeasureOf(Angle(J, K, L)), MeasureOf(Angle(Q, R, S)))"
  ],
  "line_instances": [
    "JL",
    "KJ",
    "KL",
    "QS",
    "RQ",
    "RS"
  ],
  "point_positions": {
    "J": [
      1.0,
      178.0
    ],
    "K": [
      31.0,
      0.0
    ],
    "L": [
      344.0,
      180.0
    ]
  },
  "circle_instances": [
    ""
  ]
}