{
  "problem_text": "If W P is a perpendicular bisector, m \\angle W H A = 8 q + 17, m \\angle H W P = 10 + q, A P = 6 r + 4, and P H = 22 + 3 r, find m \\angle H W P.",
  "choices": [
    "15",
    "16",
    "17",
    "18"
  ],
  "answer": "C",
  "detailed_solution": " ",
  "problem_type_graph": [
    "Triangle"
  ],
  "problem_type_goal": [
    "Angle"
  ],
  "source": "Textbook 2_Chapter 5 - Relationships in Triangles.pdf",
  "comment": "",
  "id": 2039,
  "annot_id": "pan_2020-03-18_21_25_43",
  "is_standard": false,
  "compact_choices": [
    "15",
    "16",
    "17",
    "18"
  ],
  "precise_value": [
    15.0,
    16.0,
    17.0,
    18.0
  ],
  "rough_value": [
    15,
    16,
    17,
    18
  ],
  "compact_text": "If WP is a perpendicular bisector, m \\angle WHA = 8q+17, m \\angle HWP = 10+q, AP = 6r+4, and PH = 22+3r, find m \\angle HWP.",
  "annotat_text": "If $\\overline{W P}$ is a perpendicular bisector, $m \\angle WHA=8 q+17$, $m \\angle HWP=10+q$, $AP=6 r+4$, and $PH=22+3 r$, find $m \\angle HWP$.",
  "unit": "",
  "img_width": 279,
  "img_height": 261,
  "data_type": "train",
  "date": "Fri Sep 18 22:23:14 2020",
  "system": "linux"
}