{
  "text_logic_form": [
    "IsPerpendicularBisectorOf(Line(W,P),Line($))",
    "Equals(MeasureOf(Angle(W,H,A)),8q+17)",
    "Equals(MeasureOf(Angle(H,W,P)),10+q)",
    "Equals(LengthOf(Line(A,P)),6r+4)",
    "Equals(LengthOf(Line(P,H)),22+3r)",
    "Find(MeasureOf(Angle(H,W,P)))"
  ],
  "dissolved_text_logic_form": [
    "IsPerpendicularBisectorOf(Line(W,P),Line(A,H))",
    "Equals(MeasureOf(Angle(W,H,A)),8q+17)",
    "Equals(MeasureOf(Angle(H,W,P)),10+q)",
    "Equals(LengthOf(Line(A,P)),6r+4)",
    "Equals(LengthOf(Line(P,H)),22+3r)",
    "Find(MeasureOf(Angle(H,W,P)))"
  ],
  "diagram_logic_form": [
    "PointLiesOnLine(Q, Line(W, A))",
    "PointLiesOnLine(X, Line(W, P))",
    "PointLiesOnLine(P, Line(H, A))",
    "PointLiesOnLine(X, Line(H, Q))",
    ""
  ],
  "line_instances": [
    "HA",
    "HP",
    "HQ",
    "PA",
    "QA",
    "WA",
    "WH",
    "WP",
    "WQ",
    "XH",
    "XP",
    "XQ",
    "XW"
  ],
  "point_positions": {
    "A": [
      210.0,
      125.0
    ],
    "H": [
      134.0,
      1.0
    ],
    "P": [
      172.0,
      63.0
    ],
    "Q": [
      161.0,
      136.0
    ],
    "W": [
      1.0,
      167.0
    ],
    "X": [
      148.0,
      77.0
    ]
  },
  "circle_instances": [
    ""
  ]
}