{
  "problem_text": "Find x.",
  "choices": [
    "18",
    "27",
    "36",
    "72"
  ],
  "answer": "A",
  "detailed_solution": " ",
  "problem_type_graph": [
    "Line"
  ],
  "problem_type_goal": [
    "Angle"
  ],
  "source": "textbook2_chapter10.pdf page 9",
  "comment": "",
  "id": 894,
  "annot_id": "Ran_2020-03-28_01_51_21",
  "is_standard": false,
  "compact_choices": [
    "18",
    "27",
    "36",
    "72"
  ],
  "precise_value": [
    18.0,
    27.0,
    36.0,
    72.0
  ],
  "rough_value": [
    18,
    27,
    36,
    72
  ],
  "compact_text": "Find x.",
  "annotat_text": "Find x",
  "unit": "",
  "img_width": 184,
  "img_height": 170,
  "data_type": "train",
  "date": "Fri Sep 18 22:23:14 2020",
  "system": "linux"
}