{
  "problem_text": "Find x.",
  "choices": [
    "8",
    "13",
    "18",
    "23"
  ],
  "answer": "C",
  "detailed_solution": " ",
  "problem_type_graph": [
    "Triangle"
  ],
  "problem_type_goal": [
    "Angle"
  ],
  "source": "Textbook 2_Chapter 4 - Congruent Triangles.pdf",
  "comment": "",
  "id": 66,
  "annot_id": "pan_2020-03-18_07_49_20",
  "is_standard": false,
  "compact_choices": [
    "8",
    "13",
    "18",
    "23"
  ],
  "precise_value": [
    8.0,
    13.0,
    18.0,
    23.0
  ],
  "rough_value": [
    8,
    13,
    18,
    23
  ],
  "compact_text": "Find x.",
  "annotat_text": "Find $x$.",
  "unit": "",
  "img_width": 327,
  "img_height": 190,
  "data_type": "train",
  "date": "Fri Sep 18 22:23:14 2020",
  "system": "linux"
}