{
  "text_logic_form": [
    "Find(y)"
  ],
  "dissolved_text_logic_form": [
    "Find(y)"
  ],
  "diagram_logic_form": [
    "Equals(LengthOf(Line(B, C)), y)",
    "Equals(LengthOf(Line(A, C)), 8)",
    "Equals(MeasureOf(Angle(C, B, A)), 30)",
    "Equals(LengthOf(Line(A, B)), x)",
    "Perpendicular(Line(A, C), Line(A, B))"
  ],
  "line_instances": [
    "AB",
    "AC",
    "BC"
  ],
  "circle_instances": [],
  "point_positions": {
    "A": [
      239.0,
      138.0
    ],
    "B": [
      1.3429131550758768,
      139.9943410335698
    ],
    "C": [
      238.3323417870322,
      0.5308248234127575
    ]
  }
}