{
  "problem_text": "Triangle J K L is circumscribed about \\odot R. Find x.",
  "choices": [
    "3",
    "4",
    "7",
    "9"
  ],
  "answer": "B",
  "detailed_solution": " ",
  "problem_type_graph": [
    "Circle",
    "Triangle"
  ],
  "problem_type_goal": [
    "Length"
  ],
  "source": "textbook1_chapter_10.pdf",
  "comment": "beautiful missing points",
  "id": 905,
  "annot_id": "Shibiao_2020-03-28_11_20_02",
  "is_standard": false,
  "compact_choices": [
    "3",
    "4",
    "7",
    "9"
  ],
  "precise_value": [
    3.0,
    4.0,
    7.0,
    9.0
  ],
  "rough_value": [
    3,
    4,
    7,
    9
  ],
  "compact_text": "Triangle JKL is circumscribed about \\odot R. Find x.",
  "annotat_text": "Triangle $JKL$ is circumscribed about $\\odot R$. Find $x$.",
  "unit": "",
  "img_width": 631,
  "img_height": 520,
  "data_type": "train",
  "date": "Fri Sep 18 22:23:14 2020",
  "system": "linux"
}