{
  "text_logic_form": [
    "CircumscribedTo(Triangle(J,K,L),Circle(R))",
    "Find(x)"
  ],
  "dissolved_text_logic_form": [
    "CircumscribedTo(Triangle(J,K,L),Circle(R))",
    "Find(x)"
  ],
  "diagram_logic_form": [
    "Equals(LengthOf(Line(K, N)), 7)",
    "Equals(LengthOf(Line(J, K)), LengthOf(m))",
    "Equals(MeasureOf(Angle(O, A, N)), r)",
    "Equals(LengthOf(Line(A, N)), x+3)",
    "Equals(LengthOf(Line(J, O)), 12)",
    "Equals(LengthOf(Line(A, O)), 4x-9)",
    "PointLiesOnLine(O, Line(J, A))",
    "PointLiesOnLine(N, Line(K, A))",
    "PointLiesOnCircle(O, Circle(B, radius_3_0))",
    "PointLiesOnCircle(N, Circle(B, radius_3_0))"
  ],
  "line_instances": [
    "AN",
    "AO",
    "JA",
    "JK",
    "JO",
    "KA",
    "KN"
  ],
  "point_positions": {
    "A": [
      367.0,
      303.0
    ],
    "B": [
      274.0,
      209.0
    ],
    "J": [
      2.0,
      303.0
    ],
    "K": [
      368.0,
      1.0
    ],
    "N": [
      367.0,
      209.0
    ],
    "O": [
      274.0,
      303.0
    ]
  },
  "circle_instances": [
    "B"
  ]
}