{
  "problem_text": "Use parallelogram J K L M to find b if J K = 2 b + 3 and J M = 3 a.",
  "choices": [
    "7",
    "14",
    "21",
    "45"
  ],
  "answer": "C",
  "detailed_solution": " ",
  "problem_type_graph": [
    "Parallelogram"
  ],
  "problem_type_goal": [
    "Length"
  ],
  "source": "textbook2_chapter8.pdf page 15",
  "comment": "",
  "id": 1410,
  "annot_id": "Ran_2020-03-27_01_17_10",
  "is_standard": false,
  "compact_choices": [
    "7",
    "14",
    "21",
    "45"
  ],
  "precise_value": [
    7.0,
    14.0,
    21.0,
    45.0
  ],
  "rough_value": [
    7,
    14,
    21,
    45
  ],
  "compact_text": "Use parallelogram JKLM to find b if JK = 2b+3 and JM = 3a.",
  "annotat_text": "Use parallelogram JKLM to find b if $J K=2 b+3$ and $J M=3 a$.",
  "unit": "",
  "img_width": 375,
  "img_height": 251,
  "data_type": "train",
  "date": "Fri Sep 18 22:23:14 2020",
  "system": "linux"
}