{
  "problem_text": "Find \\angle 1.",
  "choices": [
    "47",
    "65",
    "112",
    "159"
  ],
  "answer": "C",
  "detailed_solution": " ",
  "problem_type_graph": [
    "Triangle"
  ],
  "problem_type_goal": [
    "Angle"
  ],
  "source": "textbook1_chapter6.pdf page2",
  "comment": "",
  "id": 2033,
  "annot_id": "Ran_2020-03-15_02_49_13",
  "is_standard": false,
  "compact_choices": [
    "47",
    "65",
    "112",
    "159"
  ],
  "precise_value": [
    47.0,
    65.0,
    112.0,
    159.0
  ],
  "rough_value": [
    47,
    65,
    112,
    159
  ],
  "compact_text": "Find \\angle 1.",
  "annotat_text": "Find $\\angle1$",
  "unit": "",
  "img_width": 651,
  "img_height": 318,
  "data_type": "train",
  "date": "Fri Sep 18 22:23:14 2020",
  "system": "linux"
}