{
  "text_logic_form": [
    "Find(MeasureOf(Angle(1)))"
  ],
  "dissolved_text_logic_form": [
    "Find(MeasureOf(Angle(1)))"
  ],
  "diagram_logic_form": [
    "Equals(MeasureOf(Angle(A, F, E)), MeasureOf(angle 2))",
    "Equals(MeasureOf(Angle(E, B, H)), MeasureOf(angle 1))",
    "Equals(MeasureOf(Angle(E, D, H)), 65)",
    "Equals(MeasureOf(Angle(A, I, D)), 112)",
    "Equals(MeasureOf(Angle(B, E, D)), 47)",
    "PointLiesOnLine(I, Line(A, F))",
    "PointLiesOnLine(D, Line(F, E))",
    "PointLiesOnLine(D, Line(I, B))",
    "PointLiesOnLine(B, Line(I, H))",
    "PointLiesOnLine(D, Line(I, H))",
    "PointLiesOnLine(B, Line(D, H))"
  ],
  "line_instances": [
    "AF",
    "AI",
    "BD",
    "BE",
    "BH",
    "DE",
    "DH",
    "FD",
    "FE",
    "FI",
    "IB",
    "ID",
    "IH"
  ],
  "point_positions": {
    "A": [
      506.0,
      250.0
    ],
    "B": [
      90.0,
      128.0
    ],
    "D": [
      301.0,
      129.0
    ],
    "E": [
      219.0,
      256.0
    ],
    "F": [
      384.0,
      -0.0
    ],
    "H": [
      26.0,
      128.0
    ],
    "I": [
      446.0,
      129.0
    ]
  },
  "circle_instances": [
    ""
  ]
}