{
  "problem_text": "Find x.",
  "choices": [
    "3",
    "2 \\sqrt { 3 }",
    "6",
    "4 \\sqrt { 3 }"
  ],
  "answer": "C",
  "detailed_solution": " ",
  "problem_type_graph": [
    "Triangle"
  ],
  "problem_type_goal": [
    "Length"
  ],
  "source": "textbook2_chapter7.pdf page 7",
  "comment": "",
  "id": 357,
  "annot_id": "Ran_2020-03-22_02_08_23",
  "is_standard": false,
  "compact_choices": [
    "3",
    "2\\sqrt{3}",
    "6",
    "4\\sqrt{3}"
  ],
  "precise_value": [
    3.0,
    3.4641016151377544,
    6.0,
    6.928203230275509
  ],
  "rough_value": [
    3,
    3.46,
    6,
    6.93
  ],
  "compact_text": "Find x.",
  "annotat_text": "Find x",
  "unit": "",
  "img_width": 373,
  "img_height": 214,
  "data_type": "train",
  "date": "Fri Sep 18 22:23:14 2020",
  "system": "linux"
}