{
  "problem_text": "Find m \\angle J K L.",
  "choices": [
    "30",
    "50",
    "60",
    "80"
  ],
  "answer": "C",
  "detailed_solution": " ",
  "problem_type_graph": [
    "Triangle"
  ],
  "problem_type_goal": [
    "Angle"
  ],
  "source": "textbook1_chapter_5.pdf",
  "comment": "",
  "id": 404,
  "annot_id": "Shibiao_2020-03-22_03_03_34",
  "is_standard": false,
  "compact_choices": [
    "30",
    "50",
    "60",
    "80"
  ],
  "precise_value": [
    30.0,
    50.0,
    60.0,
    80.0
  ],
  "rough_value": [
    30,
    50,
    60,
    80
  ],
  "compact_text": "Find m \\angle JKL.",
  "annotat_text": "Find $m \\angle JKL$.",
  "unit": "",
  "img_width": 482,
  "img_height": 413,
  "data_type": "train",
  "date": "Fri Sep 18 22:23:14 2020",
  "system": "linux"
}