{
  "text_logic_form": [
    "Find(MeasureOf(Angle(J,K,L)))"
  ],
  "dissolved_text_logic_form": [
    "Find(MeasureOf(Angle(J,K,L)))"
  ],
  "diagram_logic_form": [
    "Equals(LengthOf(Line(K, J)), 11)",
    "Equals(LengthOf(Line(K, L)), 11)",
    "Equals(MeasureOf(Angle(K, J, L)), 60)",
    "PointLiesOnLine(M, Line(L, J))",
    "Equals(LengthOf(Line(M, L)), 5.5)",
    "Perpendicular(Line(K, M), Line(L, M))"
  ],
  "line_instances": [
    "JM",
    "KJ",
    "KL",
    "KM",
    "LJ",
    "LM"
  ],
  "point_positions": {
    "J": [
      0.0,
      236.0
    ],
    "K": [
      136.0,
      1.0
    ],
    "L": [
      271.0,
      234.0
    ],
    "M": [
      136.0,
      235.0
    ]
  },
  "circle_instances": [
    ""
  ]
}