{
  "problem_text": "If X M = 4, X N = 6, and N Z = 9, find X Y.",
  "choices": [
    "5",
    "10",
    "13",
    "15"
  ],
  "answer": "B",
  "detailed_solution": " ",
  "problem_type_graph": [
    "Triangle"
  ],
  "problem_type_goal": [
    "Length"
  ],
  "source": "textbook2_chapter6.pdf page 33",
  "comment": "",
  "id": 232,
  "annot_id": "Ran_2020-03-21_06_18_18",
  "is_standard": false,
  "compact_choices": [
    "5",
    "10",
    "13",
    "15"
  ],
  "precise_value": [
    5.0,
    10.0,
    13.0,
    15.0
  ],
  "rough_value": [
    5,
    10,
    13,
    15
  ],
  "compact_text": "If XM = 4, XN = 6, and NZ = 9, find XY.",
  "annotat_text": "If XM = 4, XN = 6, and NZ = 9, find XY.",
  "unit": "",
  "img_width": 377,
  "img_height": 231,
  "data_type": "train",
  "date": "Fri Sep 18 22:23:14 2020",
  "system": "linux"
}