{
  "problem_text": "Trapezoid M N P Q has an area of 360 square feet. Find the length of M N.",
  "choices": [
    "14",
    "16",
    "18",
    "20"
  ],
  "answer": "A",
  "detailed_solution": " ",
  "problem_type_graph": [
    "Trapezoid"
  ],
  "problem_type_goal": [
    "Length"
  ],
  "source": "Textbook 2_Chapter 11 - Areas of Polygons and Circles.pdf",
  "comment": "",
  "id": 952,
  "annot_id": "pan_2020-03-22_07_17_39",
  "is_standard": false,
  "compact_choices": [
    "14",
    "16",
    "18",
    "20"
  ],
  "precise_value": [
    14.0,
    16.0,
    18.0,
    20.0
  ],
  "rough_value": [
    14,
    16,
    18,
    20
  ],
  "compact_text": "Trapezoid MNPQ has an area of 360 square feet. Find the length of MN.",
  "annotat_text": "Trapezoid MNPQ has an area of 360 square feet. Find the length of $\\overline{MN}$.",
  "unit": "",
  "img_width": 314,
  "img_height": 229,
  "data_type": "train",
  "date": "Fri Sep 18 22:23:14 2020",
  "system": "linux"
}