{
  "text_logic_form": [
    "Equals(AreaOf(Trapezoid(M,N,P,Q)),360)",
    "Find(LengthOf(Line(M,N)))"
  ],
  "dissolved_text_logic_form": [
    "Equals(AreaOf(Trapezoid(M,N,P,Q)),360)",
    "Find(LengthOf(Line(M,N)))"
  ],
  "diagram_logic_form": [
    "Equals(LengthOf(Line(N, E)), 18)",
    "Equals(LengthOf(Line(Q, P)), 26)",
    "Perpendicular(Line(B, E), Line(D, E))",
    "PointLiesOnLine(E, Line(Q, P))",
    "Perpendicular(Line(Q, E), Line(P, E))"
  ],
  "line_instances": [
    "MN",
    "MQ",
    "NP",
    "QP",
    "NE",
    "QE",
    "PE"
  ],
  "point_positions": {
    "M": [
      23.0,
      3.0
    ],
    "N": [
      139.0,
      2.0
    ],
    "P": [
      248.0,
      120.0
    ],
    "Q": [
      0.0,
      117.0
    ]
  },
  "circle_instances": [
    ""
  ]
}