{
  "problem_text": "A B is a diameter, A C = 8 inches, and B C = 15 inches. Find the diameter of the circle.",
  "choices": [
    "8",
    "8.5",
    "15",
    "17"
  ],
  "answer": "D",
  "detailed_solution": " ",
  "problem_type_graph": [
    "Circle",
    "Triangle"
  ],
  "problem_type_goal": [
    "Length"
  ],
  "source": "textbook1_chapter_10.pdf",
  "comment": "standard problem test",
  "id": 2074,
  "annot_id": "Shibiao_2020-03-28_09_44_01",
  "is_standard": true,
  "compact_choices": [
    "8",
    "8.5",
    "15",
    "17"
  ],
  "precise_value": [
    8.0,
    8.5,
    15.0,
    17.0
  ],
  "rough_value": [
    8,
    8.5,
    15,
    17
  ],
  "compact_text": "AB is a diameter, AC = 8 inches, and BC = 15 inches. Find the diameter of the circle.",
  "annotat_text": "$\\overline{AB}$ is a diameter, $AC=8$ inches, and $BC=15$ inches. Find the diameter of the circle.",
  "unit": "",
  "img_width": 519,
  "img_height": 431,
  "data_type": "train",
  "date": "Fri Sep 18 22:23:14 2020",
  "system": "linux"
}