{
  "problem_text": "Find x.",
  "choices": [
    "30",
    "45",
    "60",
    "75"
  ],
  "answer": "B",
  "detailed_solution": " ",
  "problem_type_graph": [
    "Line"
  ],
  "problem_type_goal": [
    "Angle"
  ],
  "source": "textbook1_chapter_10.pdf",
  "comment": "",
  "id": 31,
  "annot_id": "Shibiao_2020-03-27_11_20_37",
  "is_standard": false,
  "compact_choices": [
    "30",
    "45",
    "60",
    "75"
  ],
  "precise_value": [
    30.0,
    45.0,
    60.0,
    75.0
  ],
  "rough_value": [
    30,
    45,
    60,
    75
  ],
  "compact_text": "Find x.",
  "annotat_text": "Find $x$.",
  "unit": "",
  "img_width": 289,
  "img_height": 374,
  "data_type": "train",
  "date": "Fri Sep 18 22:23:14 2020",
  "system": "linux"
}