{
  "text_logic_form": [
    "Find(x)"
  ],
  "dissolved_text_logic_form": [
    "Find(x)"
  ],
  "diagram_logic_form": [
    "Equals(MeasureOf(Angle(G, C, E)), x)",
    "Equals(MeasureOf(Angle(E, C, A)), 2x)",
    "Equals(MeasureOf(Angle(D, C, A)), x)",
    "PointLiesOnLine(C, Line(D, G))"
  ],
  "line_instances": [
    "AC",
    "CD",
    "CE",
    "CG",
    "DG",
    "",
    ""
  ],
  "point_positions": {
    "A": [
      140.0,
      290.0
    ],
    "C": [
      9.0,
      158.0
    ],
    "D": [
      9.0,
      303.0
    ],
    "E": [
      139.0,
      28.0
    ],
    "G": [
      9.0,
      5.0
    ]
  },
  "circle_instances": [
    ""
  ]
}