{
  "problem_text": "Find H J.",
  "choices": [
    "10",
    "12",
    "15",
    "25"
  ],
  "answer": "C",
  "detailed_solution": " ",
  "problem_type_graph": [
    "Triangle"
  ],
  "problem_type_goal": [
    "Length"
  ],
  "source": "textbook1_chapter_7.pdf",
  "comment": "! two subgraph",
  "id": 809,
  "annot_id": "Shibiao_2020-03-22_10_05_45",
  "is_standard": false,
  "compact_choices": [
    "10",
    "12",
    "15",
    "25"
  ],
  "precise_value": [
    10.0,
    12.0,
    15.0,
    25.0
  ],
  "rough_value": [
    10,
    12,
    15,
    25
  ],
  "compact_text": "Find HJ.",
  "annotat_text": "Find $HJ$.",
  "unit": "",
  "img_width": 657,
  "img_height": 447,
  "data_type": "train",
  "date": "Fri Sep 18 22:23:14 2020",
  "system": "linux"
}