{
  "text_logic_form": [
    "Find(LengthOf(Line(H,J)))"
  ],
  "dissolved_text_logic_form": [
    "Find(LengthOf(Line(H,J)))"
  ],
  "diagram_logic_form": [
    "Equals(LengthOf(Line(P, N)), 8)",
    "Equals(LengthOf(Line(N, Q)), 12)",
    "Equals(LengthOf(Line(P, Q)), 20)",
    "Equals(LengthOf(Line(J, H)), 4x+7)",
    "Equals(LengthOf(Line(J, K)), 25)",
    "Equals(LengthOf(Line(K, H)), 6x-2)",
    "Equals(MeasureOf(Angle(H, J, K)), MeasureOf(Angle(P, Q, N)))",
    "Equals(MeasureOf(Angle(J, H, K)), MeasureOf(Angle(P, N, Q)))",
    ""
  ],
  "line_instances": [
    "KH",
    "JH",
    "JK",
    "PN",
    "NQ",
    "PQ"
  ],
  "point_positions": {
    "H": [
      2.0,
      271.0
    ],
    "K": [
      253.0,
      272.0
    ],
    "J": [
      100.0,
      0.0
    ],
    "P": [
      253.0,
      80.0
    ],
    "N": [
      400.0,
      80.0
    ],
    "Q": [
      330.0,
      220.0
    ]
  },
  "circle_instances": [
    ""
  ]
}