{
  "problem_text": "Find x. Assume that segments that appear to be tangent are tangent.",
  "choices": [
    "35",
    "70",
    "145",
    "155"
  ],
  "answer": "C",
  "detailed_solution": " ",
  "problem_type_graph": [
    "Circle"
  ],
  "problem_type_goal": [
    "Angle"
  ],
  "source": "textbook2_chapter10.pdf page 68",
  "comment": "",
  "id": 1580,
  "annot_id": "Ran_2020-03-29_06_11_47",
  "is_standard": false,
  "compact_choices": [
    "35",
    "70",
    "145",
    "155"
  ],
  "precise_value": [
    35.0,
    70.0,
    145.0,
    155.0
  ],
  "rough_value": [
    35,
    70,
    145,
    155
  ],
  "compact_text": "Find x. Assume that segments that appear to be tangent are tangent.",
  "annotat_text": "Find x. Assume that segments that appear to be tangent are tangent.",
  "unit": "",
  "img_width": 203,
  "img_height": 157,
  "data_type": "train",
  "date": "Fri Sep 18 22:23:14 2020",
  "system": "linux"
}