{
  "problem_text": "Polygon A B C D \\sim polygon A E F G, m \\angle A G F = 108, G F = 14, A D = 12, D G = 4.5, E F = 8, and A B = 26. Find A G.",
  "choices": [
    "4.5",
    "7.5",
    "12",
    "20"
  ],
  "answer": "B",
  "detailed_solution": " ",
  "problem_type_graph": [
    "Other"
  ],
  "problem_type_goal": [
    "Length"
  ],
  "source": "textbook2_chapter6.pdf page 16",
  "comment": "",
  "id": 570,
  "annot_id": "Ran_2020-03-20_05_49_04",
  "is_standard": false,
  "compact_choices": [
    "4.5",
    "7.5",
    "12",
    "20"
  ],
  "precise_value": [
    4.5,
    7.5,
    12.0,
    20.0
  ],
  "rough_value": [
    4.5,
    7.5,
    12,
    20
  ],
  "compact_text": "Polygon ABCD \\sim polygon AEFG, m \\angle AGF = 108, GF = 14, AD = 12, DG = 4.5, EF = 8, and AB = 26. Find AG.",
  "annotat_text": "Polygon ABCD ~ polygon AEFG, $m\\angle AGF = 108$, GF = 14, AD = 12, DG = 4.5, EF = 8, and AB = 26.\r\nFind AG",
  "unit": "",
  "img_width": 411,
  "img_height": 256,
  "data_type": "train",
  "date": "Fri Sep 18 22:23:14 2020",
  "system": "linux"
}