{
  "problem_text": "Find y.",
  "choices": [
    "1.5",
    "2",
    "2.5",
    "3"
  ],
  "answer": "A",
  "detailed_solution": " ",
  "problem_type_graph": [
    "Line"
  ],
  "problem_type_goal": [
    "Length"
  ],
  "source": "Textbook 2_Chapter 6 - Proportions and Similarity.pdf",
  "comment": "",
  "id": 2037,
  "annot_id": "Ran_2020-04-04_05_19_32",
  "is_standard": false,
  "compact_choices": [
    "1.5",
    "2",
    "2.5",
    "3"
  ],
  "precise_value": [
    1.5,
    2.0,
    2.5,
    3.0
  ],
  "rough_value": [
    1.5,
    2,
    2.5,
    3
  ],
  "compact_text": "Find y.",
  "annotat_text": "Find y.",
  "unit": "",
  "img_width": 312,
  "img_height": 299,
  "data_type": "train",
  "date": "Fri Sep 18 22:23:14 2020",
  "system": "linux"
}