{
  "request_id": "9f6425395a559e8a35d9ba6d722d9e8e",
  "confidence": 0.525390625,
  "confidence_rate": 0.525390625,
  "text": "\\( A=8 \\) in \\( ^{2} \\)",
  "html": "<div><span class=\"math-inline \">\n<asciimath style=\"display: none;\">A=8</asciimath><latex style=\"display: none\">A=8</latex></span> in <span class=\"math-inline \">\n<asciimath style=\"display: none;\">^(2)</asciimath><latex style=\"display: none\">^{2}</latex></span></div>\n",
  "data": [
    {
      "type": "asciimath",
      "value": "A=8"
    },
    {
      "type": "latex",
      "value": "A=8"
    },
    {
      "type": "asciimath",
      "value": "^(2)"
    },
    {
      "type": "latex",
      "value": "^{2}"
    }
  ]
}