{
  "request_id": "05835118c14914ba9c2b16727695fc47",
  "confidence": 0.65869140625,
  "confidence_rate": 0.65869140625,
  "text": "\\( A=32 \\mathrm{in}^{2} \\)",
  "html": "<div><span class=\"math-inline \">\n<asciimath style=\"display: none;\">A=32in^(2)</asciimath><latex style=\"display: none\">A=32 \\mathrm{in}^{2}</latex></span></div>\n",
  "data": [
    {
      "type": "asciimath",
      "value": "A=32in^(2)"
    },
    {
      "type": "latex",
      "value": "A=32 \\mathrm{in}^{2}"
    }
  ]
}