{
  "problem_text": "Find the value of x.",
  "choices": [
    "30",
    "90",
    "110",
    "130"
  ],
  "answer": "D",
  "detailed_solution": " ",
  "problem_type_graph": [
    "Circle"
  ],
  "problem_type_goal": [
    "Angle"
  ],
  "source": "textbook1_chapter_10.pdf",
  "comment": "",
  "id": 1768,
  "annot_id": "pan_2020-03-27_22_02_24",
  "is_standard": false,
  "compact_choices": [
    "30",
    "90",
    "110",
    "130"
  ],
  "precise_value": [
    30.0,
    90.0,
    110.0,
    130.0
  ],
  "rough_value": [
    30,
    90,
    110,
    130
  ],
  "compact_text": "Find the value of x.",
  "annotat_text": "Find the value of x.",
  "unit": "",
  "img_width": 264,
  "img_height": 259,
  "data_type": "train",
  "date": "Fri Sep 18 22:23:14 2020",
  "system": "linux"
}