{
  "problem_text": "Find the area of the figure.",
  "choices": [
    "22.9",
    "29.7",
    "54.9",
    "60"
  ],
  "answer": "C",
  "detailed_solution": " ",
  "problem_type_graph": [
    "Circle",
    "Trapezoid"
  ],
  "problem_type_goal": [
    "Area"
  ],
  "source": "Textbook 2_Chapter 11 - Areas of Polygons and Circles.pdf",
  "comment": "",
  "id": 1824,
  "annot_id": "pan_2020-03-22_07_21_08",
  "is_standard": false,
  "unit": "units^2",
  "compact_choices": [
    "22.9",
    "29.7",
    "54.9",
    "60"
  ],
  "precise_value": [
    22.9,
    29.7,
    54.9,
    60.0
  ],
  "rough_value": [
    22.9,
    29.7,
    54.9,
    60
  ],
  "compact_text": "Find the area of the figure.",
  "annotat_text": "Find the area of the figure.",
  "img_width": 334,
  "img_height": 232,
  "data_type": "train",
  "date": "Fri Sep 18 22:23:14 2020",
  "system": "linux"
}