{
  "problem_text": "Find m \\widehat R T.",
  "choices": [
    "54",
    "63",
    "108",
    "126"
  ],
  "answer": "D",
  "detailed_solution": " ",
  "problem_type_graph": [
    "Circle"
  ],
  "problem_type_goal": [
    "Angle"
  ],
  "source": "textbook1_chapter_10.pdf",
  "comment": "",
  "id": 473,
  "annot_id": "Shibiao_2020-03-28_09_11_35",
  "is_standard": false,
  "compact_choices": [
    "54",
    "63",
    "108",
    "126"
  ],
  "precise_value": [
    54.0,
    63.0,
    108.0,
    126.0
  ],
  "rough_value": [
    54,
    63,
    108,
    126
  ],
  "compact_text": "Find m \\widehat RT.",
  "annotat_text": "Find $m \\widehat {RT}$.",
  "unit": "",
  "img_width": 481,
  "img_height": 468,
  "data_type": "train",
  "date": "Fri Sep 18 22:23:14 2020",
  "system": "linux"
}