{
  "problem_text": "The radius of \\odot P is 5 and P R = 3. Find Q S.",
  "choices": [
    "3",
    "5",
    "6",
    "8"
  ],
  "answer": "D",
  "detailed_solution": " ",
  "problem_type_graph": [
    "Circle"
  ],
  "problem_type_goal": [
    "Length"
  ],
  "source": "textbook2_chapter10.pdf page 21",
  "comment": "",
  "id": 488,
  "annot_id": "Ran_2020-03-28_03_34_04",
  "is_standard": false,
  "compact_choices": [
    "3",
    "5",
    "6",
    "8"
  ],
  "precise_value": [
    3.0,
    5.0,
    6.0,
    8.0
  ],
  "rough_value": [
    3,
    5,
    6,
    8
  ],
  "compact_text": "The radius of \\odot P is 5 and PR = 3. Find QS.",
  "annotat_text": "The radius of $\\odot P$ is 5 and $P R=3$. Find QS",
  "unit": "",
  "img_width": 244,
  "img_height": 214,
  "data_type": "train",
  "date": "Fri Sep 18 22:23:14 2020",
  "system": "linux"
}