{
  "problem_text": "Find y in the figure.",
  "choices": [
    "35",
    "40",
    "45",
    "50"
  ],
  "answer": "C",
  "detailed_solution": " ",
  "problem_type_graph": [
    "Line"
  ],
  "problem_type_goal": [
    "Angle"
  ],
  "source": "textbook1_chapter_8.pdf",
  "comment": "",
  "id": 1411,
  "annot_id": "pan_2020-03-23_22_18_08",
  "is_standard": false,
  "compact_choices": [
    "35",
    "40",
    "45",
    "50"
  ],
  "precise_value": [
    35.0,
    40.0,
    45.0,
    50.0
  ],
  "rough_value": [
    35,
    40,
    45,
    50
  ],
  "compact_text": "Find y in the figure.",
  "annotat_text": "Find y in the figure.",
  "unit": "",
  "img_width": 319,
  "img_height": 207,
  "data_type": "train",
  "date": "Fri Sep 18 22:23:14 2020",
  "system": "linux"
}