{
  "problem_text": "Find the measure of R T of equilateral triangle R S T if R S = x + 9, S T = 2 x, and R T = 3 x - 9.",
  "choices": [
    "9",
    "12",
    "15",
    "18"
  ],
  "answer": "D",
  "detailed_solution": " ",
  "problem_type_graph": [
    "Triangle"
  ],
  "problem_type_goal": [
    "Length"
  ],
  "source": "Textbook 2_Chapter 4 - Congruent Triangles.pdf",
  "comment": "",
  "id": 1256,
  "annot_id": "pan_2020-03-17_07_29_24",
  "is_standard": false,
  "compact_choices": [
    "9",
    "12",
    "15",
    "18"
  ],
  "precise_value": [
    9.0,
    12.0,
    15.0,
    18.0
  ],
  "rough_value": [
    9,
    12,
    15,
    18
  ],
  "compact_text": "Find the measure of RT of equilateral triangle RST if RS = x+9, ST = 2x, and RT = 3x-9.",
  "annotat_text": "Find the measure of $RT$ of equilateral triangle $RST$ if $RS = x + 9$, $ST = 2x$, and $RT = 3x - 9$.",
  "unit": "",
  "img_width": 344,
  "img_height": 321,
  "data_type": "train",
  "date": "Fri Sep 18 22:23:14 2020",
  "system": "linux"
}