{
  "text_logic_form": [
    "Equilateral(Triangle(R,S,T))",
    "Equals(LengthOf(Line(R,S)),x+9)",
    "Equals(LengthOf(Line(S,T)),2x)",
    "Equals(LengthOf(Line(R,T)),3x-9)",
    "Find(LengthOf(Line(R,T)))"
  ],
  "dissolved_text_logic_form": [
    "Equilateral(Triangle(R,S,T))",
    "Equals(LengthOf(Line(R,S)),x+9)",
    "Equals(LengthOf(Line(S,T)),2x)",
    "Equals(LengthOf(Line(R,T)),3x-9)",
    "Find(LengthOf(Line(R,T)))"
  ],
  "diagram_logic_form": [
    "Equals(LengthOf(Line(T, A)), 2x)",
    "Equals(LengthOf(Line(R, A)), x+9)",
    "Equals(LengthOf(Line(R, T)), 3x-9)"
  ],
  "line_instances": [
    "RA",
    "RT",
    "TA"
  ],
  "point_positions": {
    "A": [
      129.0,
      2.0
    ],
    "R": [
      0.0,
      225.0
    ],
    "T": [
      260.0,
      225.0
    ]
  },
  "circle_instances": [
    ""
  ]
}