{
  "problem_text": "If A B C D is a kite. Find m \\angle C.",
  "choices": [
    "60",
    "70",
    "85",
    "120"
  ],
  "answer": "B",
  "detailed_solution": " ",
  "problem_type_graph": [
    "Other"
  ],
  "problem_type_goal": [
    "Angle"
  ],
  "source": "textbook1_chapter6.pdf page 55",
  "comment": "",
  "id": 1031,
  "annot_id": "Ran_2020-03-19_05_27_17",
  "is_standard": false,
  "compact_choices": [
    "60",
    "70",
    "85",
    "120"
  ],
  "precise_value": [
    60.0,
    70.0,
    85.0,
    120.0
  ],
  "rough_value": [
    60,
    70,
    85,
    120
  ],
  "compact_text": "If ABCD is a kite. Find m \\angle C.",
  "annotat_text": "If $ABCD$ is a kite, Find $m \\angle C$",
  "unit": "",
  "img_width": 323,
  "img_height": 268,
  "data_type": "train",
  "date": "Fri Sep 18 22:23:14 2020",
  "system": "linux"
}