{
  "text_logic_form": [
    "Kite(A,B,C,D)",
    "Find(MeasureOf(Angle(C)))"
  ],
  "dissolved_text_logic_form": [
    "Kite(A,B,C,D)",
    "Find(MeasureOf(Angle(C)))"
  ],
  "diagram_logic_form": [
    "Equals(MeasureOf(Angle(B, A, D)), 120)",
    "Equals(MeasureOf(Angle(A, D, C)), 85)",
    "Equals(LengthOf(Line(C, D)), LengthOf(Line(B, C)))",
    "Equals(LengthOf(Line(A, D)), LengthOf(Line(B, A)))"
  ],
  "line_instances": [
    "AD",
    "BA",
    "BC",
    "CD"
  ],
  "point_positions": {
    "A": [
      105.0,
      1.0
    ],
    "B": [
      198.0,
      68.0
    ],
    "C": [
      107.0,
      187.0
    ],
    "D": [
      1.0,
      68.0
    ]
  },
  "circle_instances": [
    ""
  ]
}