{
  "problem_text": "Find x. Round to the nearest tenth if necessary. Assume that segments that appear to be tangent are tangent.",
  "choices": [
    "8",
    "16",
    "24",
    "32"
  ],
  "answer": "A",
  "detailed_solution": " ",
  "problem_type_graph": [
    "Line",
    "Circle"
  ],
  "problem_type_goal": [
    "Length"
  ],
  "source": "textbook2_chapter10.pdf page 53",
  "comment": "",
  "id": 2021,
  "annot_id": "Ran_2020-03-29_05_05_53",
  "is_standard": false,
  "compact_choices": [
    "8",
    "16",
    "24",
    "32"
  ],
  "precise_value": [
    8.0,
    16.0,
    24.0,
    32.0
  ],
  "rough_value": [
    8,
    16,
    24,
    32
  ],
  "compact_text": "Find x. Round to the nearest tenth if necessary. Assume that segments that appear to be tangent are tangent.",
  "annotat_text": "Find x. Round to the nearest tenth if necessary. Assume that segments that appear\r\nto be tangent are tangent.",
  "unit": "",
  "img_width": 288,
  "img_height": 206,
  "data_type": "train",
  "date": "Fri Sep 18 22:23:14 2020",
  "system": "linux"
}