{
  "problem_text": "Find x.",
  "choices": [
    "9",
    "12",
    "15",
    "16"
  ],
  "answer": "B",
  "detailed_solution": " ",
  "problem_type_graph": [
    "Triangle"
  ],
  "problem_type_goal": [
    "Length"
  ],
  "source": "Textbook 2_Chapter 6 - Proportions and Similarity.pdf",
  "comment": "two",
  "id": 1548,
  "annot_id": "Ran_2020-04-04_05_17_26",
  "is_standard": false,
  "compact_choices": [
    "9",
    "12",
    "15",
    "16"
  ],
  "precise_value": [
    9.0,
    12.0,
    15.0,
    16.0
  ],
  "rough_value": [
    9,
    12,
    15,
    16
  ],
  "compact_text": "Find x.",
  "annotat_text": "Find x.",
  "unit": "",
  "img_width": 546,
  "img_height": 313,
  "data_type": "train",
  "date": "Fri Sep 18 22:23:14 2020",
  "system": "linux"
}