{
  "problem_text": "If m \\angle 2 = 70 - 4 x and m \\angle 5 = 18 x - 8, find m \\angle 5.",
  "choices": [
    "2",
    "28",
    "62",
    "72"
  ],
  "answer": "B",
  "detailed_solution": " ",
  "problem_type_graph": [
    "Rectangle"
  ],
  "problem_type_goal": [
    "Angle"
  ],
  "source": "textbook2_chapter8.pdf page 55",
  "comment": "",
  "id": 1546,
  "annot_id": "Ran_2020-03-27_07_11_18",
  "is_standard": false,
  "compact_choices": [
    "2",
    "28",
    "62",
    "72"
  ],
  "precise_value": [
    2.0,
    28.0,
    62.0,
    72.0
  ],
  "rough_value": [
    2,
    28,
    62,
    72
  ],
  "compact_text": "If m \\angle 2 = 70-4x and m \\angle 5 = 18x-8, find m \\angle 5.",
  "annotat_text": "If $m \\angle 2=70-4 x$ and $m \\angle 5=18 x-8,$ find $m \\angle 5$",
  "unit": "",
  "img_width": 373,
  "img_height": 169,
  "data_type": "train",
  "date": "Fri Sep 18 22:23:14 2020",
  "system": "linux"
}