{
  "problem_text": "Find x. Assume that segments that appear to be tangent are tangent.",
  "choices": [
    "\\sqrt { 7 }",
    "7",
    "7 \\sqrt { 2 }",
    "49"
  ],
  "answer": "B",
  "detailed_solution": " ",
  "problem_type_graph": [
    "Circle",
    "Square"
  ],
  "problem_type_goal": [
    "Length"
  ],
  "source": "textbook2_chapter10.pdf page 55",
  "comment": "",
  "id": 470,
  "annot_id": "Ran_2020-03-29_05_16_15",
  "is_standard": false,
  "compact_choices": [
    "\\sqrt{7}",
    "7",
    "7\\sqrt{2}",
    "49"
  ],
  "precise_value": [
    2.6457513110645907,
    7.0,
    9.899494936611665,
    49.0
  ],
  "rough_value": [
    2.65,
    7,
    9.9,
    49
  ],
  "compact_text": "Find x. Assume that segments that appear to be tangent are tangent.",
  "annotat_text": "Find x. Assume that segments that appear to be tangent are tangent.",
  "unit": "",
  "img_width": 289,
  "img_height": 235,
  "data_type": "train",
  "date": "Fri Sep 18 22:23:14 2020",
  "system": "linux"
}