{
  "problem_text": "If J L = 27, B L = 9, and J K = 18, find J A.",
  "choices": [
    "9",
    "12",
    "13.5",
    "18"
  ],
  "answer": "B",
  "detailed_solution": " ",
  "problem_type_graph": [
    "Triangle"
  ],
  "problem_type_goal": [
    "Length"
  ],
  "source": "textbook2_chapter6.pdf page 52",
  "comment": "",
  "id": 1871,
  "annot_id": "Ran_2020-03-21_07_54_59",
  "is_standard": false,
  "compact_choices": [
    "9",
    "12",
    "13.5",
    "18"
  ],
  "precise_value": [
    9.0,
    12.0,
    13.5,
    18.0
  ],
  "rough_value": [
    9,
    12,
    13.5,
    18
  ],
  "compact_text": "If JL = 27, BL = 9, and JK = 18, find JA.",
  "annotat_text": "If $J L=27, B L=9,$ and $J K=18,$ find $J A$.",
  "unit": "",
  "img_width": 448,
  "img_height": 297,
  "data_type": "train",
  "date": "Fri Sep 18 22:23:14 2020",
  "system": "linux"
}