{
  "text_logic_form": [
    "Equals(LengthOf(Line(J,L)),27)",
    "Equals(LengthOf(Line(B,L)),9)",
    "Equals(LengthOf(Line(J,K)),18)",
    "Find(LengthOf(Line(J,A)))"
  ],
  "dissolved_text_logic_form": [
    "Equals(LengthOf(Line(J,L)),27)",
    "Equals(LengthOf(Line(B,L)),9)",
    "Equals(LengthOf(Line(J,K)),18)",
    "Find(LengthOf(Line(J,A)))"
  ],
  "diagram_logic_form": [
    "PointLiesOnLine(A, Line(J, K))",
    "PointLiesOnLine(B, Line(J, L))"
  ],
  "line_instances": [
    "JB",
    "JL",
    "BL",
    "JA",
    "JK",
    "AK",
    "AB",
    "KL"
  ],
  "point_positions": {
    "A": [
      113.0,
      71.0
    ],
    "B": [
      153.0,
      164.0
    ],
    "J": [
      0.0,
      164.0
    ],
    "K": [
      196.0,
      3.0
    ],
    "L": [
      270.0,
      164.0
    ]
  },
  "circle_instances": [
    ""
  ]
}