{
  "problem_text": "Find y.",
  "choices": [
    "\\frac { 3 } { 2 }",
    "2",
    "\\frac { 3 } { 2 } \\sqrt { 3 }",
    "2 \\sqrt { 3 }"
  ],
  "answer": "A",
  "detailed_solution": " ",
  "problem_type_graph": [
    "Triangle"
  ],
  "problem_type_goal": [
    "Length"
  ],
  "source": "textbook1_chapter_8.pdf",
  "comment": "",
  "id": 1750,
  "annot_id": "pan_2020-03-23_20_27_05",
  "is_standard": false,
  "compact_choices": [
    "\\frac{3}{2}",
    "2",
    "\\frac{3}{2}\\sqrt{3}",
    "2\\sqrt{3}"
  ],
  "precise_value": [
    1.5,
    2.0,
    2.598076211353316,
    3.4641016151377544
  ],
  "rough_value": [
    1.5,
    2,
    2.6,
    3.46
  ],
  "compact_text": "Find y.",
  "annotat_text": "Find y.",
  "unit": "",
  "img_width": 343,
  "img_height": 361,
  "data_type": "train",
  "date": "Fri Sep 18 22:23:14 2020",
  "system": "linux"
}