{
  "problem_text": "Find x if M S is an altitude of \\triangle M N Q, m \\angle 1 = 3 x + 11, and m \\angle 2 = 7 x + 9.",
  "choices": [
    "5",
    "7",
    "9",
    "11"
  ],
  "answer": "B",
  "detailed_solution": " ",
  "problem_type_graph": [
    "Triangle"
  ],
  "problem_type_goal": [
    "Angle"
  ],
  "source": "Textbook 2_Chapter 5 - Relationships in Triangles.pdf",
  "comment": "",
  "id": 1305,
  "annot_id": "pan_2020-03-18_20_58_28",
  "is_standard": false,
  "compact_choices": [
    "5",
    "7",
    "9",
    "11"
  ],
  "precise_value": [
    5.0,
    7.0,
    9.0,
    11.0
  ],
  "rough_value": [
    5,
    7,
    9,
    11
  ],
  "compact_text": "Find x if MS is an altitude of \\triangle MNQ, m \\angle 1 = 3x+11, and m \\angle 2 = 7x+9.",
  "annotat_text": "Find $x$ if $\\overline{MS}$ is an altitude of $\\triangle MNQ$, $m\\angle 1 = 3x + 11$, and $m \\angle 2 = 7x + 9$.",
  "unit": "",
  "img_width": 332,
  "img_height": 208,
  "data_type": "train",
  "date": "Fri Sep 18 22:23:14 2020",
  "system": "linux"
}