{
  "problem_text": "Find x. Round to the nearest tenth.",
  "choices": [
    "12.3",
    "24.7",
    "49.3",
    "74.0"
  ],
  "answer": "B",
  "detailed_solution": " ",
  "problem_type_graph": [
    "Triangle"
  ],
  "problem_type_goal": [
    "Length"
  ],
  "source": "textbook1_chapter_8.pdf",
  "comment": "",
  "id": 1668,
  "annot_id": "pan_2020-03-25_23_15_23",
  "is_standard": false,
  "compact_choices": [
    "12.3",
    "24.7",
    "49.3",
    "74.0"
  ],
  "precise_value": [
    12.3,
    24.7,
    49.3,
    74.0
  ],
  "rough_value": [
    12.3,
    24.7,
    49.3,
    74
  ],
  "compact_text": "Find x. Round to the nearest tenth.",
  "annotat_text": "Find x. Round to the nearest tenth.",
  "unit": "",
  "img_width": 375,
  "img_height": 248,
  "data_type": "train",
  "date": "Fri Sep 18 22:23:14 2020",
  "system": "linux"
}