{
  "text_logic_form": [
    "Find(x)"
  ],
  "dissolved_text_logic_form": [
    "Find(x)"
  ],
  "diagram_logic_form": [
    "Equals(LengthOf(Line(C, B)), 8)",
    "Equals(MeasureOf(Angle(C, B, A)), 140)",
    "Equals(LengthOf(Line(A, B)), 18)",
    "Equals(LengthOf(Line(C, A)), x)"
  ],
  "line_instances": [
    "CA",
    "CB",
    "AB"
  ],
  "circle_instances": [],
  "point_positions": {
    "C": [
      292.29583785278294,
      84.80365384206385
    ],
    "A": [
      0.0,
      141.0
    ],
    "B": [
      180.78661274400534,
      0.7568915920984267
    ]
  }
}