{
  "request_id": "280be147193d45f051c5e348361278f7",
  "confidence": 0.998046875,
  "confidence_rate": 0.998046875,
  "text": "\\( (25 y-20)^{\\circ} \\)",
  "html": "<div><span class=\"math-inline \">\n<asciimath style=\"display: none;\">(25 y-20)^(@)</asciimath><latex style=\"display: none\">(25 y-20)^{\\circ}</latex></span></div>\n",
  "data": [
    {
      "type": "asciimath",
      "value": "(25 y-20)^(@)"
    },
    {
      "type": "latex",
      "value": "(25 y-20)^{\\circ}"
    }
  ]
}