{
  "request_id": "102c71be3e12ca0718373c3e439607aa",
  "confidence": 0.99755859375,
  "confidence_rate": 0.99755859375,
  "text": "\\( (8 y+2)^{\\circ} \\)",
  "html": "<div><span class=\"math-inline \">\n<asciimath style=\"display: none;\">(8y+2)^(@)</asciimath><latex style=\"display: none\">(8 y+2)^{\\circ}</latex></span></div>\n",
  "data": [
    {
      "type": "asciimath",
      "value": "(8y+2)^(@)"
    },
    {
      "type": "latex",
      "value": "(8 y+2)^{\\circ}"
    }
  ]
}