{
  "problem_text": "J K L M is a rectangle. M L P R is a rhombus. \\angle J M K \\cong \\angle R M P, m \\angle J M K = 55 and m \\angle M R P = 70. Find m \\angle M P R.",
  "choices": [
    "55",
    "70",
    "125",
    "250"
  ],
  "answer": "A",
  "detailed_solution": " ",
  "problem_type_graph": [
    "Rectangle",
    "Rhombus"
  ],
  "problem_type_goal": [
    "Angle"
  ],
  "source": "textbook2_chapter8.pdf page 52",
  "comment": "",
  "id": 802,
  "annot_id": "Ran_2020-03-27_05_34_00",
  "is_standard": false,
  "compact_choices": [
    "55",
    "70",
    "125",
    "250"
  ],
  "precise_value": [
    55.0,
    70.0,
    125.0,
    250.0
  ],
  "rough_value": [
    55,
    70,
    125,
    250
  ],
  "compact_text": "JKLM is a rectangle. MLPR is a rhombus. \\angle JMK \\cong \\angle RMP, m \\angle JMK = 55 and m \\angle MRP = 70. Find m \\angle MPR.",
  "annotat_text": "JKLM is a rectangle. MLPR is a rhombus. $\\angle J M K \\cong \\angle R M P$, $m \\angle J M K=55$ and  $m \\angle M R P=70 $. Find $m \\angle M P R$",
  "unit": "",
  "img_width": 219,
  "img_height": 237,
  "data_type": "train",
  "date": "Fri Sep 18 22:23:14 2020",
  "system": "linux"
}