{
  "problem_text": "Find x.",
  "choices": [
    "7",
    "9",
    "12",
    "15"
  ],
  "answer": "A",
  "detailed_solution": " ",
  "problem_type_graph": [
    "Triangle"
  ],
  "problem_type_goal": [
    "Length"
  ],
  "source": "textbook2_chapter6.pdf page 44",
  "comment": "",
  "id": 1217,
  "annot_id": "Ran_2020-03-21_07_36_03",
  "is_standard": false,
  "compact_choices": [
    "7",
    "9",
    "12",
    "15"
  ],
  "precise_value": [
    7.0,
    9.0,
    12.0,
    15.0
  ],
  "rough_value": [
    7,
    9,
    12,
    15
  ],
  "compact_text": "Find x.",
  "annotat_text": "Find x",
  "unit": "",
  "img_width": 403,
  "img_height": 273,
  "data_type": "train",
  "date": "Fri Sep 18 22:23:14 2020",
  "system": "linux"
}