{
  "problem_text": "Find y.",
  "choices": [
    "3",
    "3 \\sqrt { 3 }",
    "9",
    "6 \\sqrt { 3 }"
  ],
  "answer": "A",
  "detailed_solution": " ",
  "problem_type_graph": [
    "Triangle"
  ],
  "problem_type_goal": [
    "Length"
  ],
  "source": "textbook1_chapter_8.pdf",
  "comment": "",
  "id": 1322,
  "annot_id": "pan_2020-03-24_03_23_15",
  "is_standard": false,
  "compact_choices": [
    "3",
    "3\\sqrt{3}",
    "9",
    "6\\sqrt{3}"
  ],
  "precise_value": [
    3.0,
    5.196152422706632,
    9.0,
    10.392304845413264
  ],
  "rough_value": [
    3,
    5.2,
    9,
    10.39
  ],
  "compact_text": "Find y.",
  "annotat_text": "Find y.",
  "unit": "",
  "img_width": 302,
  "img_height": 212,
  "data_type": "train",
  "date": "Fri Sep 18 22:23:14 2020",
  "system": "linux"
}