{
  "text_logic_form": [
    "Find(y)"
  ],
  "dissolved_text_logic_form": [
    "Find(y)"
  ],
  "diagram_logic_form": [
    "Equals(LengthOf(Line(C, D)), y)",
    "Equals(LengthOf(Line(A, B)), x)",
    "Equals(LengthOf(Line(B, D)), 9)",
    "Equals(LengthOf(Line(A, D)), 3\\sqrt{3})",
    "Equals(MeasureOf(Angle(A, B, C)), 30)",
    "Equals(MeasureOf(Angle(B, C, A)), 60)",
    "PointLiesOnLine(D, Line(B, C))",
    "Perpendicular(Line(C, D), Line(A, D))",
    "Perpendicular(Line(A, C), Line(A, B))"
  ],
  "line_instances": [
    "AB",
    "AC",
    "AD",
    "BC",
    "BD",
    "CD"
  ],
  "point_positions": {
    "A": [
      0.0,
      148.0
    ],
    "B": [
      259.0,
      149.0
    ],
    "C": [
      1.0,
      2.0
    ],
    "D": [
      65.0,
      38.0
    ]
  },
  "circle_instances": [
    ""
  ]
}