{
  "problem_text": "Quadrilateral W X Y Z is a rectangle. If Z Y = 2 x + 3 and W X = x + 4, find W X.",
  "choices": [
    "2",
    "5",
    "7",
    "10"
  ],
  "answer": "B",
  "detailed_solution": " ",
  "problem_type_graph": [
    "Rectangle"
  ],
  "problem_type_goal": [
    "Length"
  ],
  "source": "textbook1_chapter6.pdf page 37",
  "comment": "",
  "id": 1735,
  "annot_id": "Ran_2020-03-19_01_51_20",
  "is_standard": false,
  "compact_choices": [
    "2",
    "5",
    "7",
    "10"
  ],
  "precise_value": [
    2.0,
    5.0,
    7.0,
    10.0
  ],
  "rough_value": [
    2,
    5,
    7,
    10
  ],
  "compact_text": "Quadrilateral WXYZ is a rectangle. If ZY = 2x+3 and WX = x+4, find WX.",
  "annotat_text": "Quadrilateral WXYZ is a rectangle.  If $ZY = 2x + 3$ and $WX = x + 4$, find $WX$.",
  "unit": "",
  "img_width": 393,
  "img_height": 246,
  "data_type": "train",
  "date": "Fri Sep 18 22:23:14 2020",
  "system": "linux"
}