{
  "text_logic_form": [
    "Rectangle(W,X,Y,Z)",
    "Equals(LengthOf(Line(Z,Y)),2x+3)",
    "Equals(LengthOf(Line(W,X)),x+4)",
    "Find(LengthOf(Line(W,X)))"
  ],
  "dissolved_text_logic_form": [
    "Rectangle(W,X,Y,Z)",
    "Equals(LengthOf(Line(Z,Y)),2x+3)",
    "Equals(LengthOf(Line(W,X)),x+4)",
    "Find(LengthOf(Line(W,X)))"
  ],
  "diagram_logic_form": [
    "PointLiesOnLine(P, Line(X, Z))",
    "PointLiesOnLine(P, Line(W, Y))",
    "Perpendicular(Line(W, Z), Line(X, W))"
  ],
  "line_instances": [
    "WP",
    "WY",
    "WZ",
    "XP",
    "XW",
    "XY",
    "XZ",
    "YP",
    "YZ",
    "ZP"
  ],
  "point_positions": {
    "P": [
      137.0,
      69.0
    ],
    "W": [
      1.0,
      137.0
    ],
    "X": [
      275.0,
      136.0
    ],
    "Y": [
      273.0,
      2.0
    ],
    "Z": [
      0.0,
      0.0
    ]
  },
  "circle_instances": [
    ""
  ]
}