{
  "problem_text": "Find m \\angle F.",
  "choices": [
    "20",
    "30",
    "40",
    "60"
  ],
  "answer": "B",
  "detailed_solution": " ",
  "problem_type_graph": [
    "Circle",
    "Triangle"
  ],
  "problem_type_goal": [
    "Angle"
  ],
  "source": "textbook1_chapter_10.pdf",
  "comment": "",
  "id": 1755,
  "annot_id": "Shibiao_2020-03-28_08_54_47",
  "is_standard": false,
  "compact_choices": [
    "20",
    "30",
    "40",
    "60"
  ],
  "precise_value": [
    20.0,
    30.0,
    40.0,
    60.0
  ],
  "rough_value": [
    20,
    30,
    40,
    60
  ],
  "compact_text": "Find m \\angle F.",
  "annotat_text": "Find $m \\angle F$.",
  "unit": "",
  "img_width": 642,
  "img_height": 516,
  "data_type": "train",
  "date": "Fri Sep 18 22:23:14 2020",
  "system": "linux"
}