{
  "problem_text": "Find the area of the regular polygon. Round to the nearest tenth.",
  "choices": [
    "73.0",
    "292.1",
    "584.2",
    "1168.5"
  ],
  "answer": "C",
  "detailed_solution": " ",
  "problem_type_graph": [
    "Triangle",
    "Other"
  ],
  "problem_type_goal": [
    "Area"
  ],
  "source": "textbook1_chapter_11.pdf",
  "comment": "",
  "id": 710,
  "annot_id": "pan_2020-03-23_06_31_42",
  "is_standard": false,
  "unit": "in^2",
  "compact_choices": [
    "73.0",
    "292.1",
    "584.2",
    "1168.5"
  ],
  "precise_value": [
    73.0,
    292.1,
    584.2,
    1168.5
  ],
  "rough_value": [
    73,
    292.1,
    584.2,
    1168.5
  ],
  "compact_text": "Find the area of the regular polygon. Round to the nearest tenth.",
  "annotat_text": "Find the area of the regular polygon. Round to the nearest tenth.",
  "img_width": 281,
  "img_height": 241,
  "data_type": "train",
  "date": "Fri Sep 18 22:23:14 2020",
  "system": "linux"
}