{
  "problem_text": "In the figure, m \\angle 3 = 110 and m \\angle 12 = 55. Find the measure of \\angle 15.",
  "choices": [
    "50",
    "55",
    "65",
    "70"
  ],
  "answer": "B",
  "detailed_solution": " ",
  "problem_type_graph": [
    "Line"
  ],
  "problem_type_goal": [
    "Angle"
  ],
  "source": "Textbook 2_Chapter 3 - Parallel and Perpendicular Lines.pdf",
  "comment": "",
  "id": 1475,
  "annot_id": "pan_2020-03-17_01_51_29",
  "is_standard": false,
  "compact_choices": [
    "50",
    "55",
    "65",
    "70"
  ],
  "precise_value": [
    50.0,
    55.0,
    65.0,
    70.0
  ],
  "rough_value": [
    50,
    55,
    65,
    70
  ],
  "compact_text": "In the figure, m \\angle 3 = 110 and m \\angle 12 = 55. Find the measure of \\angle 15.",
  "annotat_text": "In the figure, $m\u22203 = 110$ and $m \u2220 12 = 55$. Find the measure of $\u222015$.",
  "unit": "",
  "img_width": 472,
  "img_height": 345,
  "data_type": "train",
  "date": "Fri Sep 18 22:23:14 2020",
  "system": "linux"
}