{
  "problem_text": "Find the area of the kite.",
  "choices": [
    "5.25",
    "10",
    "10.5",
    "21"
  ],
  "answer": "C",
  "detailed_solution": " ",
  "problem_type_graph": [
    "Other"
  ],
  "problem_type_goal": [
    "Area"
  ],
  "source": "textbook1_chapter_11.pdf",
  "comment": "",
  "id": 1339,
  "annot_id": "pan_2020-03-23_08_03_59",
  "is_standard": false,
  "unit": "ft^2",
  "compact_choices": [
    "5.25",
    "10",
    "10.5",
    "21"
  ],
  "precise_value": [
    5.25,
    10.0,
    10.5,
    21.0
  ],
  "rough_value": [
    5.25,
    10,
    10.5,
    21
  ],
  "compact_text": "Find the area of the kite.",
  "annotat_text": "Find the area of the kite.",
  "img_width": 165,
  "img_height": 274,
  "data_type": "train",
  "date": "Fri Sep 18 22:23:14 2020",
  "system": "linux"
}