{
  "problem_text": "In rhombus A B C D, A B = 2 x + 3 and B C = 5 x. Find m \\angle B C D if m \\angle A B C = 83.2.",
  "choices": [
    "83.2",
    "86.8",
    "93.2",
    "96.8"
  ],
  "answer": "D",
  "detailed_solution": " ",
  "problem_type_graph": [
    "Rhombus"
  ],
  "problem_type_goal": [
    "Angle"
  ],
  "source": "textbook2_chapter8.pdf page 35",
  "comment": "",
  "id": 171,
  "annot_id": "Ran_2020-03-27_04_42_21",
  "is_standard": false,
  "compact_choices": [
    "83.2",
    "86.8",
    "93.2",
    "96.8"
  ],
  "precise_value": [
    83.2,
    86.8,
    93.2,
    96.8
  ],
  "rough_value": [
    83.2,
    86.8,
    93.2,
    96.8
  ],
  "compact_text": "In rhombus ABCD, AB = 2x+3 and BC = 5x. Find m \\angle BCD if m \\angle ABC = 83.2.",
  "annotat_text": "In rhombus $A B C D, A B=2 x+3$ and $B C=5 x$. Find $m \\angle B C D$ if $m \\angle A B C=83.2$",
  "unit": "",
  "img_width": 228,
  "img_height": 211,
  "data_type": "train",
  "date": "Fri Sep 18 22:23:14 2020",
  "system": "linux"
}