{
  "problem_text": "Quadrilateral A B C D is a rhombus. If m \\angle B C D = 120, find m \\angle D A C.",
  "choices": [
    "30",
    "60",
    "90",
    "120"
  ],
  "answer": "B",
  "detailed_solution": " ",
  "problem_type_graph": [
    "Rhombus"
  ],
  "problem_type_goal": [
    "Angle"
  ],
  "source": "textbook1_chapter6.pdf page 67",
  "comment": "",
  "id": 1628,
  "annot_id": "Ran_2020-03-20_03_13_46",
  "is_standard": true,
  "compact_choices": [
    "30",
    "60",
    "90",
    "120"
  ],
  "precise_value": [
    30.0,
    60.0,
    90.0,
    120.0
  ],
  "rough_value": [
    30,
    60,
    90,
    120
  ],
  "compact_text": "Quadrilateral ABCD is a rhombus. If m \\angle BCD = 120, find m \\angle DAC.",
  "annotat_text": "Quadrilateral ABCD is a rhombus. If $m\\angle BCD = 120$, find $m\\angle DAC$.",
  "unit": "",
  "img_width": 578,
  "img_height": 357,
  "data_type": "train",
  "date": "Fri Sep 18 22:23:14 2020",
  "system": "linux"
}