{
  "problem_text": "Find \\angle 3.",
  "choices": [
    "100",
    "110",
    "120",
    "220"
  ],
  "answer": "B",
  "detailed_solution": " ",
  "problem_type_graph": [
    "Circle"
  ],
  "problem_type_goal": [
    "Angle"
  ],
  "source": "textbook2_chapter10.pdf page 45",
  "comment": "",
  "id": 593,
  "annot_id": "Ran_2020-03-29_04_37_38",
  "is_standard": false,
  "compact_choices": [
    "100",
    "110",
    "120",
    "220"
  ],
  "precise_value": [
    100.0,
    110.0,
    120.0,
    220.0
  ],
  "rough_value": [
    100,
    110,
    120,
    220
  ],
  "compact_text": "Find \\angle 3.",
  "annotat_text": "Find $\\angle 3$",
  "unit": "",
  "img_width": 304,
  "img_height": 171,
  "data_type": "train",
  "date": "Fri Sep 18 22:23:14 2020",
  "system": "linux"
}