{
  "text_logic_form": [
    "Find(MeasureOf(Angle(3)))"
  ],
  "dissolved_text_logic_form": [
    "Find(MeasureOf(Angle(3)))"
  ],
  "diagram_logic_form": [
    "Equals(MeasureOf(Arc(C, A)), 120)",
    "Equals(MeasureOf(Angle(D, B, E)), MeasureOf(Angle(3)))",
    "Equals(MeasureOf(Arc(D, E)), 100)",
    "PointLiesOnLine(F, Line(A, B))",
    "PointLiesOnLine(B, Line(A, E))",
    "PointLiesOnLine(F, Line(A, E))",
    "PointLiesOnLine(B, Line(E, F))",
    "PointLiesOnLine(B, Line(C, D))",
    "PointLiesOnCircle(A, Circle(F, radius_5_0))",
    "PointLiesOnCircle(C, Circle(F, radius_5_0))",
    "PointLiesOnCircle(D, Circle(F, radius_5_0))",
    "PointLiesOnCircle(E, Circle(F, radius_5_0))"
  ],
  "line_instances": [
    "AB",
    "AE",
    "AF",
    "BC",
    "BD",
    "BE",
    "BF",
    "CD",
    "EF"
  ],
  "point_positions": {
    "A": [
      126.0,
      125.0
    ],
    "B": [
      63.0,
      58.0
    ],
    "C": [
      90.0,
      2.0
    ],
    "D": [
      27.0,
      130.0
    ],
    "E": [
      26.0,
      19.0
    ],
    "F": [
      74.0,
      74.0
    ]
  },
  "circle_instances": [
    "F"
  ]
}