{
  "problem_text": "Find x.",
  "choices": [
    "7.3",
    "25.8",
    "29.1",
    "33.4"
  ],
  "answer": "C",
  "detailed_solution": " ",
  "problem_type_graph": [
    "Triangle"
  ],
  "problem_type_goal": [
    "Length"
  ],
  "source": "textbook2_chapter7.pdf page 29",
  "comment": "",
  "id": 1477,
  "annot_id": "Ran_2020-03-24_03_02_25",
  "is_standard": false,
  "compact_choices": [
    "7.3",
    "25.8",
    "29.1",
    "33.4"
  ],
  "precise_value": [
    7.3,
    25.8,
    29.1,
    33.4
  ],
  "rough_value": [
    7.3,
    25.8,
    29.1,
    33.4
  ],
  "compact_text": "Find x.",
  "annotat_text": "Find x",
  "unit": "",
  "img_width": 203,
  "img_height": 147,
  "data_type": "train",
  "date": "Fri Sep 18 22:23:14 2020",
  "system": "linux"
}