{
  "problem_text": "Find G H.",
  "choices": [
    "17",
    "35",
    "39",
    "45"
  ],
  "answer": "C",
  "detailed_solution": " ",
  "problem_type_graph": [
    "Triangle"
  ],
  "problem_type_goal": [
    "Length"
  ],
  "source": "textbook1_chapter6.pdf",
  "comment": "",
  "id": 1401,
  "annot_id": "Ran_2020-03-13_23_25_36",
  "is_standard": false,
  "compact_choices": [
    "17",
    "35",
    "39",
    "45"
  ],
  "precise_value": [
    17.0,
    35.0,
    39.0,
    45.0
  ],
  "rough_value": [
    17,
    35,
    39,
    45
  ],
  "compact_text": "Find GH.",
  "annotat_text": "Find $GH$",
  "unit": "",
  "img_width": 416,
  "img_height": 279,
  "data_type": "train",
  "date": "Fri Sep 18 22:23:14 2020",
  "system": "linux"
}