{
  "problem_text": "A B C D is a rhombus. If E B = 9, A B = 12 and m \\angle A B D = 55. Find C E.",
  "choices": [
    "\\sqrt { 63 }",
    "\\sqrt { 70 }",
    "9",
    "12"
  ],
  "answer": "A",
  "detailed_solution": " ",
  "problem_type_graph": [
    "Rhombus"
  ],
  "problem_type_goal": [
    "Length"
  ],
  "source": "textbook1_chapter6.pdf page 63",
  "comment": "",
  "id": 1444,
  "annot_id": "Ran_2020-03-20_02_40_39",
  "is_standard": false,
  "compact_choices": [
    "\\sqrt{63}",
    "\\sqrt{70}",
    "9",
    "12"
  ],
  "precise_value": [
    7.937253933193772,
    8.366600265340756,
    9.0,
    12.0
  ],
  "rough_value": [
    7.94,
    8.37,
    9,
    12
  ],
  "compact_text": "ABCD is a rhombus. If EB = 9, AB = 12 and m \\angle ABD = 55. Find CE.",
  "annotat_text": "ABCD is a rhombus. If EB = 9, AB = 12 and $m\\angle ABD = 55$ . Find CE",
  "unit": "",
  "img_width": 500,
  "img_height": 346,
  "data_type": "train",
  "date": "Fri Sep 18 22:23:14 2020",
  "system": "linux"
}