{
  "problem_text": "Find m \\angle T.",
  "choices": [
    "80",
    "120",
    "135",
    "145"
  ],
  "answer": "C",
  "detailed_solution": " ",
  "problem_type_graph": [
    "Circle"
  ],
  "problem_type_goal": [
    "Angle"
  ],
  "source": "textbook1_chapter_10.pdf",
  "comment": "",
  "id": 1535,
  "annot_id": "Shibiao_2020-03-28_09_37_19",
  "is_standard": false,
  "compact_choices": [
    "80",
    "120",
    "135",
    "145"
  ],
  "precise_value": [
    80.0,
    120.0,
    135.0,
    145.0
  ],
  "rough_value": [
    80,
    120,
    135,
    145
  ],
  "compact_text": "Find m \\angle T.",
  "annotat_text": "Find $m \\angle T$.",
  "unit": "",
  "img_width": 530,
  "img_height": 453,
  "data_type": "train",
  "date": "Fri Sep 18 22:23:14 2020",
  "system": "linux"
}