{
  "problem_text": "Find x.",
  "choices": [
    "1.5",
    "2",
    "3",
    "4"
  ],
  "answer": "B",
  "detailed_solution": " ",
  "problem_type_graph": [
    "Triangle"
  ],
  "problem_type_goal": [
    "Length"
  ],
  "source": "textbook2_chapter6.pdf page 27",
  "comment": "",
  "id": 391,
  "annot_id": "Ran_2020-03-21_02_59_11",
  "is_standard": false,
  "compact_choices": [
    "1.5",
    "2",
    "3",
    "4"
  ],
  "precise_value": [
    1.5,
    2.0,
    3.0,
    4.0
  ],
  "rough_value": [
    1.5,
    2,
    3,
    4
  ],
  "compact_text": "Find x.",
  "annotat_text": "Find x",
  "unit": "",
  "img_width": 454,
  "img_height": 275,
  "data_type": "train",
  "date": "Fri Sep 18 22:23:14 2020",
  "system": "linux"
}