{
  "problem_text": "Find the measure of \\angle 6.",
  "choices": [
    "130",
    "140",
    "142.5",
    "145"
  ],
  "answer": "B",
  "detailed_solution": " ",
  "problem_type_graph": [
    "Line",
    "Circle"
  ],
  "problem_type_goal": [
    "Angle"
  ],
  "source": "textbook1_chapter_11.pdf",
  "comment": "",
  "id": 899,
  "annot_id": "pan_2020-03-23_07_42_07",
  "is_standard": false,
  "compact_choices": [
    "130",
    "140",
    "142.5",
    "145"
  ],
  "precise_value": [
    130.0,
    140.0,
    142.5,
    145.0
  ],
  "rough_value": [
    130,
    140,
    142.5,
    145
  ],
  "compact_text": "Find the measure of \\angle 6.",
  "annotat_text": "Find the measure of $\\angle 6$.",
  "unit": "",
  "img_width": 263,
  "img_height": 190,
  "data_type": "train",
  "date": "Fri Sep 18 22:23:14 2020",
  "system": "linux"
}