{
  "problem_text": "Find the area of the parallelogram. Round to the nearest tenth if necessary.",
  "choices": [
    "268",
    "288",
    "320",
    "360"
  ],
  "answer": "B",
  "detailed_solution": " ",
  "problem_type_graph": [
    "Parallelogram"
  ],
  "problem_type_goal": [
    "Area"
  ],
  "source": "textbook1_chapter_11.pdf",
  "comment": "",
  "id": 771,
  "annot_id": "pan_2020-03-22_23_07_55",
  "is_standard": false,
  "unit": "ft^2",
  "compact_choices": [
    "268",
    "288",
    "320",
    "360"
  ],
  "precise_value": [
    268.0,
    288.0,
    320.0,
    360.0
  ],
  "rough_value": [
    268,
    288,
    320,
    360
  ],
  "compact_text": "Find the area of the parallelogram. Round to the nearest tenth if necessary.",
  "annotat_text": "Find the area of the parallelogram. Round to the nearest tenth if necessary.",
  "img_width": 270,
  "img_height": 209,
  "data_type": "train",
  "date": "Fri Sep 18 22:23:14 2020",
  "system": "linux"
}