{
  "text_logic_form": [
    "Find(AreaOf(Parallelogram($)))"
  ],
  "dissolved_text_logic_form": [
    "Find(AreaOf(Parallelogram(B,C,D,A)))"
  ],
  "diagram_logic_form": [
    "Equals(LengthOf(Line(C, E)), 16)",
    "Equals(LengthOf(Line(A, B)), 20)",
    "Equals(LengthOf(Line(A, D)), 18)",
    "PointLiesOnLine(E, Line(A, D))",
    "Perpendicular(Line(C, E), Line(E, D))"
  ],
  "line_instances": [
    "AB",
    "AD",
    "AE",
    "BC",
    "CE",
    "DC",
    "ED"
  ],
  "point_positions": {
    "A": [
      70.0,
      123.0
    ],
    "B": [
      0.0,
      0.0
    ],
    "C": [
      139.0,
      2.0
    ],
    "D": [
      207.0,
      123.0
    ]
  },
  "circle_instances": [
    ""
  ]
}