{
  "problem_text": "Find the measure of \\angle 2 in the figure.",
  "choices": [
    "105",
    "110",
    "115",
    "120"
  ],
  "answer": "A",
  "detailed_solution": " ",
  "problem_type_graph": [
    "Line",
    "Triangle"
  ],
  "problem_type_goal": [
    "Angle"
  ],
  "source": "Textbook 2_Chapter 4 - Congruent Triangles.pdf",
  "comment": "",
  "id": 359,
  "annot_id": "pan_2020-03-18_19_24_06",
  "is_standard": false,
  "compact_choices": [
    "105",
    "110",
    "115",
    "120"
  ],
  "precise_value": [
    105.0,
    110.0,
    115.0,
    120.0
  ],
  "rough_value": [
    105,
    110,
    115,
    120
  ],
  "compact_text": "Find the measure of \\angle 2 in the figure.",
  "annotat_text": "Find the measure of $\\angle 2$ in the figure.",
  "unit": "",
  "img_width": 251,
  "img_height": 224,
  "data_type": "train",
  "date": "Fri Sep 18 22:23:14 2020",
  "system": "linux"
}