{
  "problem_text": "Find y.",
  "choices": [
    "4.8",
    "4.8 \\sqrt { 2 }",
    "9.6",
    "9.6 \\sqrt { 2 }"
  ],
  "answer": "D",
  "detailed_solution": " ",
  "problem_type_graph": [
    "Square",
    "Triangle"
  ],
  "problem_type_goal": [
    "Length"
  ],
  "source": "textbook2_chapter7.pdf page 21",
  "comment": "",
  "id": 1786,
  "annot_id": "Ran_2020-03-22_04_26_35",
  "is_standard": false,
  "compact_choices": [
    "4.8",
    "4.8\\sqrt{2}",
    "9.6",
    "9.6\\sqrt{2}"
  ],
  "precise_value": [
    4.8,
    6.788225099390856,
    9.6,
    13.576450198781712
  ],
  "rough_value": [
    4.8,
    6.79,
    9.6,
    13.58
  ],
  "compact_text": "Find y.",
  "annotat_text": "Find y",
  "unit": "",
  "img_width": 207,
  "img_height": 166,
  "data_type": "train",
  "date": "Fri Sep 18 22:23:14 2020",
  "system": "linux"
}