{
  "problem_text": "Find x. Assume that segments that appear to be tangent are tangent.",
  "choices": [
    "4",
    "6",
    "8",
    "19"
  ],
  "answer": "C",
  "detailed_solution": " ",
  "problem_type_graph": [
    "Circle",
    "Triangle"
  ],
  "problem_type_goal": [
    "Length"
  ],
  "source": "textbook2_chapter10.pdf page ",
  "comment": "",
  "id": 661,
  "annot_id": "Ran_2020-03-29_03_52_13",
  "is_standard": false,
  "compact_choices": [
    "4",
    "6",
    "8",
    "19"
  ],
  "precise_value": [
    4.0,
    6.0,
    8.0,
    19.0
  ],
  "rough_value": [
    4,
    6,
    8,
    19
  ],
  "compact_text": "Find x. Assume that segments that appear to be tangent are tangent.",
  "annotat_text": "Find x. Assume that segments that appear to be tangent are tangent.",
  "unit": "",
  "img_width": 306,
  "img_height": 213,
  "data_type": "train",
  "date": "Fri Sep 18 22:23:14 2020",
  "system": "linux"
}