{
  "problem_text": "Find J N if \\triangle J M N is an isosceles triangle with J M \\cong M N.",
  "choices": [
    "2",
    "3",
    "4",
    "5"
  ],
  "answer": "A",
  "detailed_solution": " ",
  "problem_type_graph": [
    "Triangle"
  ],
  "problem_type_goal": [
    "Length"
  ],
  "source": "Textbook 2_Chapter 4 - Congruent Triangles.pdf",
  "comment": "",
  "id": 953,
  "annot_id": "pan_2020-03-17_07_37_06",
  "is_standard": false,
  "compact_choices": [
    "2",
    "3",
    "4",
    "5"
  ],
  "precise_value": [
    2.0,
    3.0,
    4.0,
    5.0
  ],
  "rough_value": [
    2,
    3,
    4,
    5
  ],
  "compact_text": "Find JN if \\triangle JMN is an isosceles triangle with JM \\cong MN.",
  "annotat_text": "Find $JN$ if $\\triangle JMN$ is an isosceles triangle with $\\overline{JM} \\cong \\overline{M N}$.",
  "unit": "",
  "img_width": 267,
  "img_height": 275,
  "data_type": "train",
  "date": "Fri Sep 18 22:23:14 2020",
  "system": "linux"
}