{
  "problem_text": "a = 8, b = 15, and c = 17, find \\sin A.",
  "choices": [
    "0.30",
    "0.47",
    "0.53",
    "0.70"
  ],
  "answer": "B",
  "detailed_solution": " ",
  "problem_type_graph": [
    "Triangle"
  ],
  "problem_type_goal": [
    "Ratio"
  ],
  "source": "textbook2_chapter7.pdf page 28",
  "comment": "",
  "id": 602,
  "annot_id": "Ran_2020-03-22_06_45_19",
  "is_standard": false,
  "compact_choices": [
    "0.30",
    "0.47",
    "0.53",
    "0.70"
  ],
  "precise_value": [
    0.3,
    0.47,
    0.53,
    0.7
  ],
  "rough_value": [
    0.3,
    0.47,
    0.53,
    0.7
  ],
  "compact_text": "a = 8, b = 15, and c = 17, find \\sin A.",
  "annotat_text": "$a=8, b=15,$ and $c=17$, find $sinA$",
  "unit": "",
  "img_width": 238,
  "img_height": 160,
  "data_type": "train",
  "date": "Fri Sep 18 22:23:14 2020",
  "system": "linux"
}