{
  "problem_text": "Find x.",
  "choices": [
    "45",
    "60",
    "90",
    "135"
  ],
  "answer": "A",
  "detailed_solution": " ",
  "problem_type_graph": [
    "Line"
  ],
  "problem_type_goal": [
    "Angle"
  ],
  "source": "textbook1_chapter_3.pdf",
  "comment": "",
  "id": 918,
  "annot_id": "pan_2020-03-13_21_43_45",
  "is_standard": false,
  "compact_choices": [
    "45",
    "60",
    "90",
    "135"
  ],
  "precise_value": [
    45.0,
    60.0,
    90.0,
    135.0
  ],
  "rough_value": [
    45,
    60,
    90,
    135
  ],
  "compact_text": "Find x.",
  "annotat_text": "Find $x$.",
  "unit": "",
  "img_width": 388,
  "img_height": 154,
  "data_type": "train",
  "date": "Fri Sep 18 22:23:14 2020",
  "system": "linux"
}