{
  "request_id": "50cdf4db31c9a2817a86b38c805f8750",
  "confidence": 0.99462890625,
  "confidence_rate": 0.99462890625,
  "text": "\\( (x+10)^{\\circ} \\)",
  "html": "<div><span class=\"math-inline \">\n<asciimath style=\"display: none;\">(x+10)^(@)</asciimath><latex style=\"display: none\">(x+10)^{\\circ}</latex></span></div>\n",
  "data": [
    {
      "type": "asciimath",
      "value": "(x+10)^(@)"
    },
    {
      "type": "latex",
      "value": "(x+10)^{\\circ}"
    }
  ]
}