{
  "problem_text": "Find the ratio of M S to S P, given that M N P Q is a parallelogram with M R = \\frac { 1 } { 4 } M N.",
  "choices": [
    "0.25",
    "0.5",
    "1",
    "2"
  ],
  "answer": "B",
  "detailed_solution": " ",
  "problem_type_graph": [
    "Parallelogram"
  ],
  "problem_type_goal": [
    "Ratio"
  ],
  "source": "textbook2_chapter8.pdf page 17",
  "comment": "",
  "id": 1878,
  "annot_id": "Ran_2020-03-27_01_30_21",
  "is_standard": false,
  "compact_choices": [
    "0.25",
    "0.5",
    "1",
    "2"
  ],
  "precise_value": [
    0.25,
    0.5,
    1.0,
    2.0
  ],
  "rough_value": [
    0.25,
    0.5,
    1,
    2
  ],
  "compact_text": "Find the ratio of MS to SP, given that MNPQ is a parallelogram with MR = \\frac{1}{4} MN.",
  "annotat_text": "Find the ratio of $MS$ to $SP$, given that $MNPQ$ is a parallelogram with $MR=\\frac{1}{4} MN$",
  "unit": "",
  "img_width": 301,
  "img_height": 163,
  "data_type": "train",
  "date": "Fri Sep 18 22:23:14 2020",
  "system": "linux"
}